benchmark,strategy,test_case,score,latency_ms,context_chars,context_size,expected,fact_id,fact_position,position_set
ruler,raw_gpt-oss-120b,ruler_size10_pos0.10_0.50_0.90_fact1,1.0,485.0232090000004,740,10,90.69,1,0.1,"[0.1, 0.5, 0.9]"
ruler,raw_gpt-oss-120b,ruler_size10_pos0.10_0.50_0.90_fact2,1.0,339.4798330000004,740,10,KEY-4611-BETA,2,0.5,"[0.1, 0.5, 0.9]"
ruler,raw_gpt-oss-120b,ruler_size10_pos0.10_0.50_0.90_fact3,1.0,504.0041249999998,740,10,36.00,3,0.9,"[0.1, 0.5, 0.9]"
ruler,raw_gpt-oss-120b,ruler_size10_pos0.20_0.40_0.60_fact1,1.0,510.9382500000006,742,10,KEY-9785-ALPHA,1,0.2,"[0.2, 0.4, 0.6]"
ruler,raw_gpt-oss-120b,ruler_size10_pos0.20_0.40_0.60_fact2,1.0,450.19950000000006,742,10,KEY-2291-GAMMA,2,0.4,"[0.2, 0.4, 0.6]"
ruler,raw_gpt-oss-120b,ruler_size10_pos0.20_0.40_0.60_fact3,1.0,425.5357919999998,742,10,KEY-6925-GAMMA,3,0.6,"[0.2, 0.4, 0.6]"
ruler,raw_gpt-oss-120b,ruler_size10_pos0.05_0.15_0.95_fact1,1.0,1021.762668000001,712,10,KEY-2169-GAMMA,1,0.05,"[0.05, 0.15, 0.95]"
ruler,raw_gpt-oss-120b,ruler_size10_pos0.05_0.15_0.95_fact2,0.0,315.1446670000002,712,10,22.68,2,0.15,"[0.05, 0.15, 0.95]"
ruler,raw_gpt-oss-120b,ruler_size10_pos0.05_0.15_0.95_fact3,0.0,401.06154200000077,712,10,32.20,3,0.95,"[0.05, 0.15, 0.95]"
ruler,raw_gpt-oss-120b,ruler_size10_pos0.45_0.50_0.55_fact1,0.0,1151.3223750000013,715,10,64.50,1,0.45,"[0.45, 0.5, 0.55]"
ruler,raw_gpt-oss-120b,ruler_size10_pos0.45_0.50_0.55_fact2,0.0,1403.4937499999992,715,10,59.18,2,0.5,"[0.45, 0.5, 0.55]"
ruler,raw_gpt-oss-120b,ruler_size10_pos0.45_0.50_0.55_fact3,1.0,3459.8235430000004,715,10,KEY-3287-ALPHA,3,0.55,"[0.45, 0.5, 0.55]"
ruler,raw_gpt-oss-120b,ruler_size25_pos0.10_0.50_0.90_fact1,1.0,4558.370668999998,1625,25,KEY-3646-GAMMA,1,0.1,"[0.1, 0.5, 0.9]"
ruler,raw_gpt-oss-120b,ruler_size25_pos0.10_0.50_0.90_fact2,1.0,4373.1082099999985,1625,25,1.76,2,0.5,"[0.1, 0.5, 0.9]"
ruler,raw_gpt-oss-120b,ruler_size25_pos0.10_0.50_0.90_fact3,1.0,3488.8394179999977,1625,25,KEY-9005-ALPHA,3,0.9,"[0.1, 0.5, 0.9]"
ruler,raw_gpt-oss-120b,ruler_size25_pos0.20_0.40_0.60_fact1,1.0,4418.232002,1627,25,KEY-2160-GAMMA,1,0.2,"[0.2, 0.4, 0.6]"
ruler,raw_gpt-oss-120b,ruler_size25_pos0.20_0.40_0.60_fact2,1.0,4467.341294000001,1627,25,ID-46500,2,0.4,"[0.2, 0.4, 0.6]"
ruler,raw_gpt-oss-120b,ruler_size25_pos0.20_0.40_0.60_fact3,0.0,4600.578376999998,1627,25,63.27,3,0.6,"[0.2, 0.4, 0.6]"
ruler,raw_gpt-oss-120b,ruler_size25_pos0.05_0.15_0.95_fact1,1.0,3442.0247099999983,1595,25,KEY-1960-ALPHA,1,0.05,"[0.05, 0.15, 0.95]"
ruler,raw_gpt-oss-120b,ruler_size25_pos0.05_0.15_0.95_fact2,1.0,4429.838085,1595,25,KEY-1035-BETA,2,0.15,"[0.05, 0.15, 0.95]"
ruler,raw_gpt-oss-120b,ruler_size25_pos0.05_0.15_0.95_fact3,1.0,4427.338501999998,1595,25,KEY-8454-BETA,3,0.95,"[0.05, 0.15, 0.95]"
ruler,raw_gpt-oss-120b,ruler_size25_pos0.45_0.50_0.55_fact1,1.0,3428.864917999995,1618,25,ID-11220,1,0.45,"[0.45, 0.5, 0.55]"
ruler,raw_gpt-oss-120b,ruler_size25_pos0.45_0.50_0.55_fact2,1.0,4430.702168000003,1618,25,KEY-2638-ALPHA,2,0.5,"[0.45, 0.5, 0.55]"
ruler,raw_gpt-oss-120b,ruler_size25_pos0.45_0.50_0.55_fact3,0.0,4482.980169000009,1618,25,28.64,3,0.55,"[0.45, 0.5, 0.55]"
ruler,raw_gpt-oss-120b,ruler_size50_pos0.10_0.50_0.90_fact1,0.0,6446.77075300001,3115,50,14.48,1,0.1,"[0.1, 0.5, 0.9]"
ruler,raw_gpt-oss-120b,ruler_size50_pos0.10_0.50_0.90_fact2,1.0,6535.226545,3115,50,ID-71694,2,0.5,"[0.1, 0.5, 0.9]"
ruler,raw_gpt-oss-120b,ruler_size50_pos0.10_0.50_0.90_fact3,1.0,6577.774587000007,3115,50,ID-36158,3,0.9,"[0.1, 0.5, 0.9]"
ruler,raw_gpt-oss-120b,ruler_size50_pos0.20_0.40_0.60_fact1,0.0,6672.3135019999945,2985,50,99.09,1,0.2,"[0.2, 0.4, 0.6]"
ruler,raw_gpt-oss-120b,ruler_size50_pos0.20_0.40_0.60_fact2,0.0,37.658542000002626,2985,50,KEY-7790-GAMMA,2,0.4,"[0.2, 0.4, 0.6]"
ruler,raw_gpt-oss-120b,ruler_size50_pos0.20_0.40_0.60_fact3,0.0,38.01862500000652,2985,50,25.91,3,0.6,"[0.2, 0.4, 0.6]"
ruler,raw_gpt-oss-120b,ruler_size50_pos0.05_0.15_0.95_fact1,0.0,33.96037499999238,3011,50,KEY-3091-GAMMA,1,0.05,"[0.05, 0.15, 0.95]"
ruler,raw_gpt-oss-120b,ruler_size50_pos0.05_0.15_0.95_fact2,0.0,35.40487499999756,3011,50,4.50,2,0.15,"[0.05, 0.15, 0.95]"
ruler,raw_gpt-oss-120b,ruler_size50_pos0.05_0.15_0.95_fact3,0.0,37.26224999999772,3011,50,73.84,3,0.95,"[0.05, 0.15, 0.95]"
ruler,raw_gpt-oss-120b,ruler_size50_pos0.45_0.50_0.55_fact1,0.0,34.120583000003535,3043,50,ID-46559,1,0.45,"[0.45, 0.5, 0.55]"
ruler,raw_gpt-oss-120b,ruler_size50_pos0.45_0.50_0.55_fact2,0.0,34.552916999999184,3043,50,KEY-4995-BETA,2,0.5,"[0.45, 0.5, 0.55]"
ruler,raw_gpt-oss-120b,ruler_size50_pos0.45_0.50_0.55_fact3,0.0,32.930625000005875,3043,50,79.85,3,0.55,"[0.45, 0.5, 0.55]"
ruler,sliding_window_gpt-oss-120b,ruler_size10_pos0.10_0.50_0.90_fact1,1.0,6514.429961999994,717,10,ID-63271,1,0.1,"[0.1, 0.5, 0.9]"
ruler,sliding_window_gpt-oss-120b,ruler_size10_pos0.10_0.50_0.90_fact2,0.0,33.274958000006905,717,10,KEY-4937-GAMMA,2,0.5,"[0.1, 0.5, 0.9]"
ruler,sliding_window_gpt-oss-120b,ruler_size10_pos0.10_0.50_0.90_fact3,0.0,31.792209000002458,717,10,KEY-9041-BETA,3,0.9,"[0.1, 0.5, 0.9]"
ruler,sliding_window_gpt-oss-120b,ruler_size10_pos0.20_0.40_0.60_fact1,0.0,58.816292000003045,698,10,25.40,1,0.2,"[0.2, 0.4, 0.6]"
ruler,sliding_window_gpt-oss-120b,ruler_size10_pos0.20_0.40_0.60_fact2,0.0,31.743542000000957,698,10,ID-80236,2,0.4,"[0.2, 0.4, 0.6]"
ruler,sliding_window_gpt-oss-120b,ruler_size10_pos0.20_0.40_0.60_fact3,0.0,33.0814590000017,698,10,24.24,3,0.6,"[0.2, 0.4, 0.6]"
ruler,sliding_window_gpt-oss-120b,ruler_size10_pos0.05_0.15_0.95_fact1,0.0,33.98750000000916,756,10,KEY-3068-GAMMA,1,0.05,"[0.05, 0.15, 0.95]"
ruler,sliding_window_gpt-oss-120b,ruler_size10_pos0.05_0.15_0.95_fact2,0.0,34.77054200000396,756,10,KEY-2680-ALPHA,2,0.15,"[0.05, 0.15, 0.95]"
ruler,sliding_window_gpt-oss-120b,ruler_size10_pos0.05_0.15_0.95_fact3,0.0,31.677000000001954,756,10,37.60,3,0.95,"[0.05, 0.15, 0.95]"
ruler,sliding_window_gpt-oss-120b,ruler_size10_pos0.45_0.50_0.55_fact1,0.0,53.21066599999824,738,10,98.53,1,0.45,"[0.45, 0.5, 0.55]"
ruler,sliding_window_gpt-oss-120b,ruler_size10_pos0.45_0.50_0.55_fact2,0.0,32.79441700000518,738,10,77.79,2,0.5,"[0.45, 0.5, 0.55]"
ruler,sliding_window_gpt-oss-120b,ruler_size10_pos0.45_0.50_0.55_fact3,0.0,35.12687500000311,738,10,ID-78494,3,0.55,"[0.45, 0.5, 0.55]"
ruler,sliding_window_gpt-oss-120b,ruler_size25_pos0.10_0.50_0.90_fact1,0.0,111.05804099999261,1603,25,ID-31747,1,0.1,"[0.1, 0.5, 0.9]"
ruler,sliding_window_gpt-oss-120b,ruler_size25_pos0.10_0.50_0.90_fact2,0.0,42.002332999999226,1603,25,KEY-5728-BETA,2,0.5,"[0.1, 0.5, 0.9]"
ruler,sliding_window_gpt-oss-120b,ruler_size25_pos0.10_0.50_0.90_fact3,0.0,36.59204099999158,1603,25,ID-71433,3,0.9,"[0.1, 0.5, 0.9]"
ruler,sliding_window_gpt-oss-120b,ruler_size25_pos0.20_0.40_0.60_fact1,0.0,31.358291000003646,1604,25,52.97,1,0.2,"[0.2, 0.4, 0.6]"
ruler,sliding_window_gpt-oss-120b,ruler_size25_pos0.20_0.40_0.60_fact2,0.0,36.401750000010225,1604,25,5.58,2,0.4,"[0.2, 0.4, 0.6]"
ruler,sliding_window_gpt-oss-120b,ruler_size25_pos0.20_0.40_0.60_fact3,0.0,32.75433299999975,1604,25,ID-51224,3,0.6,"[0.2, 0.4, 0.6]"
ruler,sliding_window_gpt-oss-120b,ruler_size25_pos0.05_0.15_0.95_fact1,0.0,34.50462500001095,1637,25,KEY-8736-ALPHA,1,0.05,"[0.05, 0.15, 0.95]"
ruler,sliding_window_gpt-oss-120b,ruler_size25_pos0.05_0.15_0.95_fact2,0.0,50.44537499999535,1637,25,KEY-3369-BETA,2,0.15,"[0.05, 0.15, 0.95]"
ruler,sliding_window_gpt-oss-120b,ruler_size25_pos0.05_0.15_0.95_fact3,0.0,30.637667000007696,1637,25,ID-88561,3,0.95,"[0.05, 0.15, 0.95]"
ruler,sliding_window_gpt-oss-120b,ruler_size25_pos0.45_0.50_0.55_fact1,0.0,33.53475000000117,1578,25,19.52,1,0.45,"[0.45, 0.5, 0.55]"
ruler,sliding_window_gpt-oss-120b,ruler_size25_pos0.45_0.50_0.55_fact2,0.0,32.03004200000237,1578,25,20.09,2,0.5,"[0.45, 0.5, 0.55]"
ruler,sliding_window_gpt-oss-120b,ruler_size25_pos0.45_0.50_0.55_fact3,0.0,34.00716699999862,1578,25,KEY-5342-BETA,3,0.55,"[0.45, 0.5, 0.55]"
ruler,sliding_window_gpt-oss-120b,ruler_size50_pos0.10_0.50_0.90_fact1,0.0,35.69187599998713,3035,50,ID-89569,1,0.1,"[0.1, 0.5, 0.9]"
ruler,sliding_window_gpt-oss-120b,ruler_size50_pos0.10_0.50_0.90_fact2,0.0,91.35995799999819,3035,50,KEY-4588-GAMMA,2,0.5,"[0.1, 0.5, 0.9]"
ruler,sliding_window_gpt-oss-120b,ruler_size50_pos0.10_0.50_0.90_fact3,0.0,36.15470799999798,3035,50,ID-91381,3,0.9,"[0.1, 0.5, 0.9]"
ruler,sliding_window_gpt-oss-120b,ruler_size50_pos0.20_0.40_0.60_fact1,0.0,36.157915999993406,3032,50,KEY-8285-ALPHA,1,0.2,"[0.2, 0.4, 0.6]"
ruler,sliding_window_gpt-oss-120b,ruler_size50_pos0.20_0.40_0.60_fact2,0.0,32.079582999998024,3032,50,KEY-2627-GAMMA,2,0.4,"[0.2, 0.4, 0.6]"
ruler,sliding_window_gpt-oss-120b,ruler_size50_pos0.20_0.40_0.60_fact3,0.0,34.308584000001474,3032,50,KEY-9920-GAMMA,3,0.6,"[0.2, 0.4, 0.6]"
ruler,sliding_window_gpt-oss-120b,ruler_size50_pos0.05_0.15_0.95_fact1,0.0,50.379332999995086,3073,50,KEY-2557-BETA,1,0.05,"[0.05, 0.15, 0.95]"
ruler,sliding_window_gpt-oss-120b,ruler_size50_pos0.05_0.15_0.95_fact2,0.0,34.50924999999927,3073,50,KEY-6120-GAMMA,2,0.15,"[0.05, 0.15, 0.95]"
ruler,sliding_window_gpt-oss-120b,ruler_size50_pos0.05_0.15_0.95_fact3,0.0,32.00983400000723,3073,50,KEY-7132-ALPHA,3,0.95,"[0.05, 0.15, 0.95]"
ruler,sliding_window_gpt-oss-120b,ruler_size50_pos0.45_0.50_0.55_fact1,0.0,31.384709000008115,3057,50,40.05,1,0.45,"[0.45, 0.5, 0.55]"
ruler,sliding_window_gpt-oss-120b,ruler_size50_pos0.45_0.50_0.55_fact2,0.0,33.74195799999313,3057,50,ID-61807,2,0.5,"[0.45, 0.5, 0.55]"
ruler,sliding_window_gpt-oss-120b,ruler_size50_pos0.45_0.50_0.55_fact3,0.0,34.66974999999195,3057,50,8.00,3,0.55,"[0.45, 0.5, 0.55]"
ruler,parallel_window_gpt-oss-120b,ruler_size10_pos0.10_0.50_0.90_fact1,0.0,74.2783329999952,718,10,KEY-1693-BETA,1,0.1,"[0.1, 0.5, 0.9]"
ruler,parallel_window_gpt-oss-120b,ruler_size10_pos0.10_0.50_0.90_fact2,0.0,93.7520410000019,718,10,ID-70260,2,0.5,"[0.1, 0.5, 0.9]"
ruler,parallel_window_gpt-oss-120b,ruler_size10_pos0.10_0.50_0.90_fact3,0.0,34.84216700000786,718,10,ID-51033,3,0.9,"[0.1, 0.5, 0.9]"
ruler,parallel_window_gpt-oss-120b,ruler_size10_pos0.20_0.40_0.60_fact1,0.0,31.78320900001097,714,10,KEY-7560-GAMMA,1,0.2,"[0.2, 0.4, 0.6]"
ruler,parallel_window_gpt-oss-120b,ruler_size10_pos0.20_0.40_0.60_fact2,0.0,35.660749999991026,714,10,ID-61873,2,0.4,"[0.2, 0.4, 0.6]"
ruler,parallel_window_gpt-oss-120b,ruler_size10_pos0.20_0.40_0.60_fact3,0.0,31.567666000000827,714,10,KEY-6562-ALPHA,3,0.6,"[0.2, 0.4, 0.6]"
ruler,parallel_window_gpt-oss-120b,ruler_size10_pos0.05_0.15_0.95_fact1,0.0,32.42658399999243,763,10,10.22,1,0.05,"[0.05, 0.15, 0.95]"
ruler,parallel_window_gpt-oss-120b,ruler_size10_pos0.05_0.15_0.95_fact2,0.0,34.46516600000393,763,10,64.59,2,0.15,"[0.05, 0.15, 0.95]"
ruler,parallel_window_gpt-oss-120b,ruler_size10_pos0.05_0.15_0.95_fact3,0.0,33.28966699999114,763,10,98.74,3,0.95,"[0.05, 0.15, 0.95]"
ruler,parallel_window_gpt-oss-120b,ruler_size10_pos0.45_0.50_0.55_fact1,0.0,37.59508299999936,722,10,ID-17456,1,0.45,"[0.45, 0.5, 0.55]"
ruler,parallel_window_gpt-oss-120b,ruler_size10_pos0.45_0.50_0.55_fact2,0.0,32.55766699999185,722,10,KEY-5703-ALPHA,2,0.5,"[0.45, 0.5, 0.55]"
ruler,parallel_window_gpt-oss-120b,ruler_size10_pos0.45_0.50_0.55_fact3,0.0,32.03179199999795,722,10,12.78,3,0.55,"[0.45, 0.5, 0.55]"
ruler,parallel_window_gpt-oss-120b,ruler_size25_pos0.10_0.50_0.90_fact1,0.0,33.24725000000228,1617,25,KEY-6082-GAMMA,1,0.1,"[0.1, 0.5, 0.9]"
ruler,parallel_window_gpt-oss-120b,ruler_size25_pos0.10_0.50_0.90_fact2,0.0,33.80054099999086,1617,25,85.50,2,0.5,"[0.1, 0.5, 0.9]"
ruler,parallel_window_gpt-oss-120b,ruler_size25_pos0.10_0.50_0.90_fact3,0.0,30.995250000003693,1617,25,ID-87993,3,0.9,"[0.1, 0.5, 0.9]"
ruler,parallel_window_gpt-oss-120b,ruler_size25_pos0.20_0.40_0.60_fact1,0.0,118.51066600000593,1612,25,KEY-8355-ALPHA,1,0.2,"[0.2, 0.4, 0.6]"
ruler,parallel_window_gpt-oss-120b,ruler_size25_pos0.20_0.40_0.60_fact2,0.0,33.90258299999971,1612,25,31.39,2,0.4,"[0.2, 0.4, 0.6]"
ruler,parallel_window_gpt-oss-120b,ruler_size25_pos0.20_0.40_0.60_fact3,0.0,34.67066700000032,1612,25,KEY-4178-BETA,3,0.6,"[0.2, 0.4, 0.6]"
ruler,parallel_window_gpt-oss-120b,ruler_size25_pos0.05_0.15_0.95_fact1,0.0,32.97887499999774,1595,25,ID-51770,1,0.05,"[0.05, 0.15, 0.95]"
ruler,parallel_window_gpt-oss-120b,ruler_size25_pos0.05_0.15_0.95_fact2,0.0,34.35233399999049,1595,25,ID-95191,2,0.15,"[0.05, 0.15, 0.95]"
ruler,parallel_window_gpt-oss-120b,ruler_size25_pos0.05_0.15_0.95_fact3,0.0,34.03550000000166,1595,25,KEY-3392-ALPHA,3,0.95,"[0.05, 0.15, 0.95]"
ruler,parallel_window_gpt-oss-120b,ruler_size25_pos0.45_0.50_0.55_fact1,0.0,35.974833000011586,1624,25,KEY-1713-GAMMA,1,0.45,"[0.45, 0.5, 0.55]"
ruler,parallel_window_gpt-oss-120b,ruler_size25_pos0.45_0.50_0.55_fact2,0.0,32.11508300000787,1624,25,KEY-7116-BETA,2,0.5,"[0.45, 0.5, 0.55]"
ruler,parallel_window_gpt-oss-120b,ruler_size25_pos0.45_0.50_0.55_fact3,0.0,35.35445900000411,1624,25,3.45,3,0.55,"[0.45, 0.5, 0.55]"
ruler,parallel_window_gpt-oss-120b,ruler_size50_pos0.10_0.50_0.90_fact1,0.0,33.849416999998994,3040,50,87.56,1,0.1,"[0.1, 0.5, 0.9]"
ruler,parallel_window_gpt-oss-120b,ruler_size50_pos0.10_0.50_0.90_fact2,0.0,34.60991699999738,3040,50,ID-26545,2,0.5,"[0.1, 0.5, 0.9]"
ruler,parallel_window_gpt-oss-120b,ruler_size50_pos0.10_0.50_0.90_fact3,0.0,34.20924999998931,3040,50,ID-40932,3,0.9,"[0.1, 0.5, 0.9]"
ruler,parallel_window_gpt-oss-120b,ruler_size50_pos0.20_0.40_0.60_fact1,0.0,33.19616699999983,3065,50,ID-66704,1,0.2,"[0.2, 0.4, 0.6]"
ruler,parallel_window_gpt-oss-120b,ruler_size50_pos0.20_0.40_0.60_fact2,0.0,114.49812499999723,3065,50,8.15,2,0.4,"[0.2, 0.4, 0.6]"
ruler,parallel_window_gpt-oss-120b,ruler_size50_pos0.20_0.40_0.60_fact3,0.0,32.957834000001185,3065,50,20.38,3,0.6,"[0.2, 0.4, 0.6]"
ruler,parallel_window_gpt-oss-120b,ruler_size50_pos0.05_0.15_0.95_fact1,0.0,35.99054200000751,3047,50,ID-38199,1,0.05,"[0.05, 0.15, 0.95]"
ruler,parallel_window_gpt-oss-120b,ruler_size50_pos0.05_0.15_0.95_fact2,0.0,33.796791000000326,3047,50,46.06,2,0.15,"[0.05, 0.15, 0.95]"
ruler,parallel_window_gpt-oss-120b,ruler_size50_pos0.05_0.15_0.95_fact3,0.0,33.25474999999756,3047,50,ID-46877,3,0.95,"[0.05, 0.15, 0.95]"
ruler,parallel_window_gpt-oss-120b,ruler_size50_pos0.45_0.50_0.55_fact1,0.0,34.044624999992834,3045,50,100.78,1,0.45,"[0.45, 0.5, 0.55]"
ruler,parallel_window_gpt-oss-120b,ruler_size50_pos0.45_0.50_0.55_fact2,0.0,34.6767500000027,3045,50,KEY-2020-GAMMA,2,0.5,"[0.45, 0.5, 0.55]"
ruler,parallel_window_gpt-oss-120b,ruler_size50_pos0.45_0.50_0.55_fact3,0.0,34.00395900000319,3045,50,ID-77984,3,0.55,"[0.45, 0.5, 0.55]"
ruler,semantic_compression_gpt-oss-120b,ruler_size10_pos0.10_0.50_0.90_fact1,0.0,142.9042919999972,703,10,39.28,1,0.1,"[0.1, 0.5, 0.9]"
ruler,semantic_compression_gpt-oss-120b,ruler_size10_pos0.10_0.50_0.90_fact2,0.0,143.92541699999128,703,10,KEY-5735-GAMMA,2,0.5,"[0.1, 0.5, 0.9]"
ruler,semantic_compression_gpt-oss-120b,ruler_size10_pos0.10_0.50_0.90_fact3,0.0,66.02429199999449,703,10,ID-74094,3,0.9,"[0.1, 0.5, 0.9]"
ruler,semantic_compression_gpt-oss-120b,ruler_size10_pos0.20_0.40_0.60_fact1,0.0,64.32558400000232,734,10,KEY-5201-GAMMA,1,0.2,"[0.2, 0.4, 0.6]"
ruler,semantic_compression_gpt-oss-120b,ruler_size10_pos0.20_0.40_0.60_fact2,0.0,69.98054199999615,734,10,KEY-4505-ALPHA,2,0.4,"[0.2, 0.4, 0.6]"
ruler,semantic_compression_gpt-oss-120b,ruler_size10_pos0.20_0.40_0.60_fact3,0.0,68.21754099999566,734,10,35.71,3,0.6,"[0.2, 0.4, 0.6]"
ruler,semantic_compression_gpt-oss-120b,ruler_size10_pos0.05_0.15_0.95_fact1,0.0,73.54920799998865,734,10,21.52,1,0.05,"[0.05, 0.15, 0.95]"
ruler,semantic_compression_gpt-oss-120b,ruler_size10_pos0.05_0.15_0.95_fact2,0.0,151.60183300000085,734,10,61.61,2,0.15,"[0.05, 0.15, 0.95]"
ruler,semantic_compression_gpt-oss-120b,ruler_size10_pos0.05_0.15_0.95_fact3,0.0,68.61950000001116,734,10,26.96,3,0.95,"[0.05, 0.15, 0.95]"
ruler,semantic_compression_gpt-oss-120b,ruler_size10_pos0.45_0.50_0.55_fact1,0.0,64.54908300000284,768,10,KEY-4052-GAMMA,1,0.45,"[0.45, 0.5, 0.55]"
ruler,semantic_compression_gpt-oss-120b,ruler_size10_pos0.45_0.50_0.55_fact2,0.0,68.7346249999905,768,10,KEY-1613-ALPHA,2,0.5,"[0.45, 0.5, 0.55]"
ruler,semantic_compression_gpt-oss-120b,ruler_size10_pos0.45_0.50_0.55_fact3,0.0,65.52608300000884,768,10,KEY-2758-BETA,3,0.55,"[0.45, 0.5, 0.55]"
ruler,semantic_compression_gpt-oss-120b,ruler_size25_pos0.10_0.50_0.90_fact1,0.0,64.9766249999999,1572,25,93.73,1,0.1,"[0.1, 0.5, 0.9]"
ruler,semantic_compression_gpt-oss-120b,ruler_size25_pos0.10_0.50_0.90_fact2,0.0,66.86837499999854,1572,25,ID-44282,2,0.5,"[0.1, 0.5, 0.9]"
ruler,semantic_compression_gpt-oss-120b,ruler_size25_pos0.10_0.50_0.90_fact3,0.0,122.66616600000191,1572,25,47.88,3,0.9,"[0.1, 0.5, 0.9]"
ruler,semantic_compression_gpt-oss-120b,ruler_size25_pos0.20_0.40_0.60_fact1,0.0,68.72524999999996,1580,25,ID-69432,1,0.2,"[0.2, 0.4, 0.6]"
ruler,semantic_compression_gpt-oss-120b,ruler_size25_pos0.20_0.40_0.60_fact2,0.0,69.14375000000916,1580,25,ID-77272,2,0.4,"[0.2, 0.4, 0.6]"
ruler,semantic_compression_gpt-oss-120b,ruler_size25_pos0.20_0.40_0.60_fact3,0.0,67.56558300000393,1580,25,KEY-8484-GAMMA,3,0.6,"[0.2, 0.4, 0.6]"
ruler,semantic_compression_gpt-oss-120b,ruler_size25_pos0.05_0.15_0.95_fact1,0.0,69.32266699999445,1642,25,ID-10455,1,0.05,"[0.05, 0.15, 0.95]"
ruler,semantic_compression_gpt-oss-120b,ruler_size25_pos0.05_0.15_0.95_fact2,0.0,68.94212500000663,1642,25,ID-49107,2,0.15,"[0.05, 0.15, 0.95]"
ruler,semantic_compression_gpt-oss-120b,ruler_size25_pos0.05_0.15_0.95_fact3,0.0,66.11858300000506,1642,25,KEY-9920-BETA,3,0.95,"[0.05, 0.15, 0.95]"
ruler,semantic_compression_gpt-oss-120b,ruler_size25_pos0.45_0.50_0.55_fact1,0.0,152.31399999998985,1622,25,55.71,1,0.45,"[0.45, 0.5, 0.55]"
ruler,semantic_compression_gpt-oss-120b,ruler_size25_pos0.45_0.50_0.55_fact2,0.0,64.54912499999921,1622,25,KEY-1768-BETA,2,0.5,"[0.45, 0.5, 0.55]"
ruler,semantic_compression_gpt-oss-120b,ruler_size25_pos0.45_0.50_0.55_fact3,0.0,67.33304200000134,1622,25,86.48,3,0.55,"[0.45, 0.5, 0.55]"
ruler,semantic_compression_gpt-oss-120b,ruler_size50_pos0.10_0.50_0.90_fact1,0.0,69.22795799999903,2980,50,ID-75444,1,0.1,"[0.1, 0.5, 0.9]"
ruler,semantic_compression_gpt-oss-120b,ruler_size50_pos0.10_0.50_0.90_fact2,0.0,65.68999999998937,2980,50,84.87,2,0.5,"[0.1, 0.5, 0.9]"
ruler,semantic_compression_gpt-oss-120b,ruler_size50_pos0.10_0.50_0.90_fact3,0.0,65.5179170000082,2980,50,KEY-5216-BETA,3,0.9,"[0.1, 0.5, 0.9]"
ruler,semantic_compression_gpt-oss-120b,ruler_size50_pos0.20_0.40_0.60_fact1,0.0,66.6652079999892,3081,50,ID-99709,1,0.2,"[0.2, 0.4, 0.6]"
ruler,semantic_compression_gpt-oss-120b,ruler_size50_pos0.20_0.40_0.60_fact2,0.0,149.8935409999973,3081,50,KEY-9897-GAMMA,2,0.4,"[0.2, 0.4, 0.6]"
ruler,semantic_compression_gpt-oss-120b,ruler_size50_pos0.20_0.40_0.60_fact3,0.0,110.81741700000691,3081,50,5.22,3,0.6,"[0.2, 0.4, 0.6]"
ruler,semantic_compression_gpt-oss-120b,ruler_size50_pos0.05_0.15_0.95_fact1,0.0,64.89220899999282,3011,50,ID-45247,1,0.05,"[0.05, 0.15, 0.95]"
ruler,semantic_compression_gpt-oss-120b,ruler_size50_pos0.05_0.15_0.95_fact2,0.0,64.75191700000948,3011,50,KEY-5397-BETA,2,0.15,"[0.05, 0.15, 0.95]"
ruler,semantic_compression_gpt-oss-120b,ruler_size50_pos0.05_0.15_0.95_fact3,0.0,79.78487499998721,3011,50,ID-18292,3,0.95,"[0.05, 0.15, 0.95]"
ruler,semantic_compression_gpt-oss-120b,ruler_size50_pos0.45_0.50_0.55_fact1,0.0,143.10587499998917,2974,50,KEY-8052-ALPHA,1,0.45,"[0.45, 0.5, 0.55]"
ruler,semantic_compression_gpt-oss-120b,ruler_size50_pos0.45_0.50_0.55_fact2,0.0,72.22033300000419,2974,50,ID-22924,2,0.5,"[0.45, 0.5, 0.55]"
ruler,semantic_compression_gpt-oss-120b,ruler_size50_pos0.45_0.50_0.55_fact3,0.0,64.6761249999912,2974,50,KEY-4637-GAMMA,3,0.55,"[0.45, 0.5, 0.55]"
ruler,rig_gpt-oss-120b,ruler_size10_pos0.10_0.50_0.90_fact1,0.0,4394.664544000008,750,10,KEY-4389-GAMMA,1,0.1,"[0.1, 0.5, 0.9]"
ruler,rig_gpt-oss-120b,ruler_size10_pos0.10_0.50_0.90_fact2,0.0,222.4415830000055,750,10,KEY-6706-BETA,2,0.5,"[0.1, 0.5, 0.9]"
ruler,rig_gpt-oss-120b,ruler_size10_pos0.10_0.50_0.90_fact3,0.0,133.3087090000049,750,10,ID-67431,3,0.9,"[0.1, 0.5, 0.9]"
ruler,rig_gpt-oss-120b,ruler_size10_pos0.20_0.40_0.60_fact1,0.0,132.71591699999874,768,10,55.59,1,0.2,"[0.2, 0.4, 0.6]"
ruler,rig_gpt-oss-120b,ruler_size10_pos0.20_0.40_0.60_fact2,0.0,122.7535419999981,768,10,ID-63090,2,0.4,"[0.2, 0.4, 0.6]"
ruler,rig_gpt-oss-120b,ruler_size10_pos0.20_0.40_0.60_fact3,0.0,139.7488749999951,768,10,24.23,3,0.6,"[0.2, 0.4, 0.6]"
ruler,rig_gpt-oss-120b,ruler_size10_pos0.05_0.15_0.95_fact1,0.0,127.12820900000565,742,10,KEY-4228-BETA,1,0.05,"[0.05, 0.15, 0.95]"
ruler,rig_gpt-oss-120b,ruler_size10_pos0.05_0.15_0.95_fact2,0.0,117.63983299999836,742,10,ID-44387,2,0.15,"[0.05, 0.15, 0.95]"
ruler,rig_gpt-oss-120b,ruler_size10_pos0.05_0.15_0.95_fact3,0.0,118.99529199999392,742,10,63.67,3,0.95,"[0.05, 0.15, 0.95]"
ruler,rig_gpt-oss-120b,ruler_size10_pos0.45_0.50_0.55_fact1,0.0,143.33716699999854,738,10,ID-41270,1,0.45,"[0.45, 0.5, 0.55]"
ruler,rig_gpt-oss-120b,ruler_size10_pos0.45_0.50_0.55_fact2,0.0,121.976666000009,738,10,KEY-2916-ALPHA,2,0.5,"[0.45, 0.5, 0.55]"
ruler,rig_gpt-oss-120b,ruler_size10_pos0.45_0.50_0.55_fact3,0.0,109.23300000000324,738,10,KEY-3316-GAMMA,3,0.55,"[0.45, 0.5, 0.55]"
ruler,rig_gpt-oss-120b,ruler_size25_pos0.10_0.50_0.90_fact1,0.0,107.12529100000268,1639,25,15.73,1,0.1,"[0.1, 0.5, 0.9]"
ruler,rig_gpt-oss-120b,ruler_size25_pos0.10_0.50_0.90_fact2,0.0,187.53616699999043,1639,25,ID-45112,2,0.5,"[0.1, 0.5, 0.9]"
ruler,rig_gpt-oss-120b,ruler_size25_pos0.10_0.50_0.90_fact3,0.0,138.79650099998742,1639,25,47.69,3,0.9,"[0.1, 0.5, 0.9]"
ruler,rig_gpt-oss-120b,ruler_size25_pos0.20_0.40_0.60_fact1,0.0,129.46270800000548,1615,25,ID-42725,1,0.2,"[0.2, 0.4, 0.6]"
ruler,rig_gpt-oss-120b,ruler_size25_pos0.20_0.40_0.60_fact2,0.0,120.30049999999903,1615,25,ID-52217,2,0.4,"[0.2, 0.4, 0.6]"
ruler,rig_gpt-oss-120b,ruler_size25_pos0.20_0.40_0.60_fact3,0.0,131.41295900000216,1615,25,ID-98635,3,0.6,"[0.2, 0.4, 0.6]"
ruler,rig_gpt-oss-120b,ruler_size25_pos0.05_0.15_0.95_fact1,0.0,124.30349999999635,1595,25,ID-30707,1,0.05,"[0.05, 0.15, 0.95]"
ruler,rig_gpt-oss-120b,ruler_size25_pos0.05_0.15_0.95_fact2,0.0,112.11054199999637,1595,25,KEY-8479-ALPHA,2,0.15,"[0.05, 0.15, 0.95]"
ruler,rig_gpt-oss-120b,ruler_size25_pos0.05_0.15_0.95_fact3,0.0,113.59991700000194,1595,25,KEY-4314-GAMMA,3,0.95,"[0.05, 0.15, 0.95]"
ruler,rig_gpt-oss-120b,ruler_size25_pos0.45_0.50_0.55_fact1,0.0,176.70320800000638,1618,25,KEY-3181-GAMMA,1,0.45,"[0.45, 0.5, 0.55]"
ruler,rig_gpt-oss-120b,ruler_size25_pos0.45_0.50_0.55_fact2,0.0,139.12820800000247,1618,25,19.08,2,0.5,"[0.45, 0.5, 0.55]"
ruler,rig_gpt-oss-120b,ruler_size25_pos0.45_0.50_0.55_fact3,0.0,126.02570800000024,1618,25,73.01,3,0.55,"[0.45, 0.5, 0.55]"
ruler,rig_gpt-oss-120b,ruler_size50_pos0.10_0.50_0.90_fact1,0.0,139.50725100001193,3048,50,KEY-1901-BETA,1,0.1,"[0.1, 0.5, 0.9]"
ruler,rig_gpt-oss-120b,ruler_size50_pos0.10_0.50_0.90_fact2,0.0,133.01433300000554,3048,50,95.84,2,0.5,"[0.1, 0.5, 0.9]"
ruler,rig_gpt-oss-120b,ruler_size50_pos0.10_0.50_0.90_fact3,0.0,146.01466700000287,3048,50,23.15,3,0.9,"[0.1, 0.5, 0.9]"
ruler,rig_gpt-oss-120b,ruler_size50_pos0.20_0.40_0.60_fact1,0.0,123.3690419999931,3072,50,KEY-1391-ALPHA,1,0.2,"[0.2, 0.4, 0.6]"
ruler,rig_gpt-oss-120b,ruler_size50_pos0.20_0.40_0.60_fact2,0.0,124.0394579999986,3072,50,45.81,2,0.4,"[0.2, 0.4, 0.6]"
ruler,rig_gpt-oss-120b,ruler_size50_pos0.20_0.40_0.60_fact3,0.0,129.42345899999452,3072,50,2.42,3,0.6,"[0.2, 0.4, 0.6]"
ruler,rig_gpt-oss-120b,ruler_size50_pos0.05_0.15_0.95_fact1,0.0,130.54725099999587,3033,50,ID-25919,1,0.05,"[0.05, 0.15, 0.95]"
ruler,rig_gpt-oss-120b,ruler_size50_pos0.05_0.15_0.95_fact2,0.0,210.81454100000485,3033,50,ID-18083,2,0.15,"[0.05, 0.15, 0.95]"
ruler,rig_gpt-oss-120b,ruler_size50_pos0.05_0.15_0.95_fact3,0.0,170.22229100000175,3033,50,ID-27133,3,0.95,"[0.05, 0.15, 0.95]"
ruler,rig_gpt-oss-120b,ruler_size50_pos0.45_0.50_0.55_fact1,0.0,142.24158300000056,3008,50,46.72,1,0.45,"[0.45, 0.5, 0.55]"
ruler,rig_gpt-oss-120b,ruler_size50_pos0.45_0.50_0.55_fact2,0.0,130.06620800000235,3008,50,19.72,2,0.5,"[0.45, 0.5, 0.55]"
ruler,rig_gpt-oss-120b,ruler_size50_pos0.45_0.50_0.55_fact3,0.0,128.10854099998892,3008,50,ID-74517,3,0.55,"[0.45, 0.5, 0.55]"
ruler,raw_llama3.3-70b,ruler_size10_pos0.10_0.50_0.90_fact1,1.0,277.3378750000006,740,10,90.69,1,0.1,"[0.1, 0.5, 0.9]"
ruler,raw_llama3.3-70b,ruler_size10_pos0.10_0.50_0.90_fact2,1.0,255.10341700000083,740,10,KEY-4611-BETA,2,0.5,"[0.1, 0.5, 0.9]"
ruler,raw_llama3.3-70b,ruler_size10_pos0.10_0.50_0.90_fact3,1.0,239.66045800000302,740,10,36.00,3,0.9,"[0.1, 0.5, 0.9]"
ruler,raw_llama3.3-70b,ruler_size10_pos0.20_0.40_0.60_fact1,1.0,289.55054200000063,742,10,KEY-9785-ALPHA,1,0.2,"[0.2, 0.4, 0.6]"
ruler,raw_llama3.3-70b,ruler_size10_pos0.20_0.40_0.60_fact2,1.0,311.4688759999922,742,10,KEY-2291-GAMMA,2,0.4,"[0.2, 0.4, 0.6]"
ruler,raw_llama3.3-70b,ruler_size10_pos0.20_0.40_0.60_fact3,1.0,217.540917000008,742,10,KEY-6925-GAMMA,3,0.6,"[0.2, 0.4, 0.6]"
ruler,raw_llama3.3-70b,ruler_size10_pos0.05_0.15_0.95_fact1,1.0,220.2393330000092,712,10,KEY-2169-GAMMA,1,0.05,"[0.05, 0.15, 0.95]"
ruler,raw_llama3.3-70b,ruler_size10_pos0.05_0.15_0.95_fact2,1.0,224.50629200000094,712,10,22.68,2,0.15,"[0.05, 0.15, 0.95]"
ruler,raw_llama3.3-70b,ruler_size10_pos0.05_0.15_0.95_fact3,1.0,278.01183299999366,712,10,32.20,3,0.95,"[0.05, 0.15, 0.95]"
ruler,raw_llama3.3-70b,ruler_size10_pos0.45_0.50_0.55_fact1,1.0,214.86679200000935,715,10,64.50,1,0.45,"[0.45, 0.5, 0.55]"
ruler,raw_llama3.3-70b,ruler_size10_pos0.45_0.50_0.55_fact2,1.0,309.59975000000384,715,10,59.18,2,0.5,"[0.45, 0.5, 0.55]"
ruler,raw_llama3.3-70b,ruler_size10_pos0.45_0.50_0.55_fact3,1.0,217.4780419999962,715,10,KEY-3287-ALPHA,3,0.55,"[0.45, 0.5, 0.55]"
ruler,raw_llama3.3-70b,ruler_size25_pos0.10_0.50_0.90_fact1,1.0,413.7926670000098,1625,25,KEY-3646-GAMMA,1,0.1,"[0.1, 0.5, 0.9]"
ruler,raw_llama3.3-70b,ruler_size25_pos0.10_0.50_0.90_fact2,1.0,246.24975000000404,1625,25,1.76,2,0.5,"[0.1, 0.5, 0.9]"
ruler,raw_llama3.3-70b,ruler_size25_pos0.10_0.50_0.90_fact3,1.0,253.2367919999956,1625,25,KEY-9005-ALPHA,3,0.9,"[0.1, 0.5, 0.9]"
ruler,raw_llama3.3-70b,ruler_size25_pos0.20_0.40_0.60_fact1,1.0,4413.882544000004,1627,25,KEY-2160-GAMMA,1,0.2,"[0.2, 0.4, 0.6]"
ruler,raw_llama3.3-70b,ruler_size25_pos0.20_0.40_0.60_fact2,1.0,382.25058399999057,1627,25,ID-46500,2,0.4,"[0.2, 0.4, 0.6]"
ruler,raw_llama3.3-70b,ruler_size25_pos0.20_0.40_0.60_fact3,1.0,2261.3366679999986,1627,25,63.27,3,0.6,"[0.2, 0.4, 0.6]"
ruler,raw_llama3.3-70b,ruler_size25_pos0.05_0.15_0.95_fact1,1.0,3345.173375999991,1595,25,KEY-1960-ALPHA,1,0.05,"[0.05, 0.15, 0.95]"
ruler,raw_llama3.3-70b,ruler_size25_pos0.05_0.15_0.95_fact2,1.0,2404.272000999981,1595,25,KEY-1035-BETA,2,0.15,"[0.05, 0.15, 0.95]"
ruler,raw_llama3.3-70b,ruler_size25_pos0.05_0.15_0.95_fact3,1.0,2356.9309169999997,1595,25,KEY-8454-BETA,3,0.95,"[0.05, 0.15, 0.95]"
ruler,raw_llama3.3-70b,ruler_size25_pos0.45_0.50_0.55_fact1,1.0,2408.84787600001,1618,25,ID-11220,1,0.45,"[0.45, 0.5, 0.55]"
ruler,raw_llama3.3-70b,ruler_size25_pos0.45_0.50_0.55_fact2,1.0,2391.2393759999873,1618,25,KEY-2638-ALPHA,2,0.5,"[0.45, 0.5, 0.55]"
ruler,raw_llama3.3-70b,ruler_size25_pos0.45_0.50_0.55_fact3,1.0,2282.932250999977,1618,25,28.64,3,0.55,"[0.45, 0.5, 0.55]"
ruler,raw_llama3.3-70b,ruler_size50_pos0.10_0.50_0.90_fact1,1.0,5370.8105030000015,3115,50,14.48,1,0.1,"[0.1, 0.5, 0.9]"
ruler,raw_llama3.3-70b,ruler_size50_pos0.10_0.50_0.90_fact2,1.0,4471.236208999982,3115,50,ID-71694,2,0.5,"[0.1, 0.5, 0.9]"
ruler,raw_llama3.3-70b,ruler_size50_pos0.10_0.50_0.90_fact3,1.0,4333.851585000019,3115,50,ID-36158,3,0.9,"[0.1, 0.5, 0.9]"
ruler,raw_llama3.3-70b,ruler_size50_pos0.20_0.40_0.60_fact1,1.0,4626.000586000004,2985,50,99.09,1,0.2,"[0.2, 0.4, 0.6]"
ruler,raw_llama3.3-70b,ruler_size50_pos0.20_0.40_0.60_fact2,1.0,3487.1442930000003,2985,50,KEY-7790-GAMMA,2,0.4,"[0.2, 0.4, 0.6]"
ruler,raw_llama3.3-70b,ruler_size50_pos0.20_0.40_0.60_fact3,1.0,4372.3908779999765,2985,50,25.91,3,0.6,"[0.2, 0.4, 0.6]"
ruler,raw_llama3.3-70b,ruler_size50_pos0.05_0.15_0.95_fact1,1.0,4401.152752000002,3011,50,KEY-3091-GAMMA,1,0.05,"[0.05, 0.15, 0.95]"
ruler,raw_llama3.3-70b,ruler_size50_pos0.05_0.15_0.95_fact2,0.0,109.37429199998405,3011,50,4.50,2,0.15,"[0.05, 0.15, 0.95]"
ruler,raw_llama3.3-70b,ruler_size50_pos0.05_0.15_0.95_fact3,0.0,32.29675000000043,3011,50,73.84,3,0.95,"[0.05, 0.15, 0.95]"
ruler,raw_llama3.3-70b,ruler_size50_pos0.45_0.50_0.55_fact1,0.0,49.67770900000801,3043,50,ID-46559,1,0.45,"[0.45, 0.5, 0.55]"
ruler,raw_llama3.3-70b,ruler_size50_pos0.45_0.50_0.55_fact2,0.0,32.46158400000354,3043,50,KEY-4995-BETA,2,0.5,"[0.45, 0.5, 0.55]"
ruler,raw_llama3.3-70b,ruler_size50_pos0.45_0.50_0.55_fact3,0.0,34.79375000000573,3043,50,79.85,3,0.55,"[0.45, 0.5, 0.55]"
ruler,sliding_window_llama3.3-70b,ruler_size10_pos0.10_0.50_0.90_fact1,0.0,80.53899999998748,717,10,ID-63271,1,0.1,"[0.1, 0.5, 0.9]"
ruler,sliding_window_llama3.3-70b,ruler_size10_pos0.10_0.50_0.90_fact2,0.0,32.73637499998472,717,10,KEY-4937-GAMMA,2,0.5,"[0.1, 0.5, 0.9]"
ruler,sliding_window_llama3.3-70b,ruler_size10_pos0.10_0.50_0.90_fact3,0.0,31.634958000012148,717,10,KEY-9041-BETA,3,0.9,"[0.1, 0.5, 0.9]"
ruler,sliding_window_llama3.3-70b,ruler_size10_pos0.20_0.40_0.60_fact1,0.0,32.812333999999055,698,10,25.40,1,0.2,"[0.2, 0.4, 0.6]"
ruler,sliding_window_llama3.3-70b,ruler_size10_pos0.20_0.40_0.60_fact2,0.0,35.205249999989974,698,10,ID-80236,2,0.4,"[0.2, 0.4, 0.6]"
ruler,sliding_window_llama3.3-70b,ruler_size10_pos0.20_0.40_0.60_fact3,0.0,28.98141600002191,698,10,24.24,3,0.6,"[0.2, 0.4, 0.6]"
ruler,sliding_window_llama3.3-70b,ruler_size10_pos0.05_0.15_0.95_fact1,0.0,129.25175000000877,756,10,KEY-3068-GAMMA,1,0.05,"[0.05, 0.15, 0.95]"
ruler,sliding_window_llama3.3-70b,ruler_size10_pos0.05_0.15_0.95_fact2,0.0,33.390709000002516,756,10,KEY-2680-ALPHA,2,0.15,"[0.05, 0.15, 0.95]"
ruler,sliding_window_llama3.3-70b,ruler_size10_pos0.05_0.15_0.95_fact3,0.0,32.48766600000863,756,10,37.60,3,0.95,"[0.05, 0.15, 0.95]"
ruler,sliding_window_llama3.3-70b,ruler_size10_pos0.45_0.50_0.55_fact1,0.0,34.08770800001548,738,10,98.53,1,0.45,"[0.45, 0.5, 0.55]"
ruler,sliding_window_llama3.3-70b,ruler_size10_pos0.45_0.50_0.55_fact2,0.0,35.91716700000802,738,10,77.79,2,0.5,"[0.45, 0.5, 0.55]"
ruler,sliding_window_llama3.3-70b,ruler_size10_pos0.45_0.50_0.55_fact3,0.0,33.452791999991405,738,10,ID-78494,3,0.55,"[0.45, 0.5, 0.55]"
ruler,sliding_window_llama3.3-70b,ruler_size25_pos0.10_0.50_0.90_fact1,0.0,32.27595900000324,1603,25,ID-31747,1,0.1,"[0.1, 0.5, 0.9]"
ruler,sliding_window_llama3.3-70b,ruler_size25_pos0.10_0.50_0.90_fact2,0.0,33.664708999992854,1603,25,KEY-5728-BETA,2,0.5,"[0.1, 0.5, 0.9]"
ruler,sliding_window_llama3.3-70b,ruler_size25_pos0.10_0.50_0.90_fact3,0.0,33.29104200000188,1603,25,ID-71433,3,0.9,"[0.1, 0.5, 0.9]"
ruler,sliding_window_llama3.3-70b,ruler_size25_pos0.20_0.40_0.60_fact1,0.0,32.871624999984306,1604,25,52.97,1,0.2,"[0.2, 0.4, 0.6]"
ruler,sliding_window_llama3.3-70b,ruler_size25_pos0.20_0.40_0.60_fact2,0.0,33.04845799999612,1604,25,5.58,2,0.4,"[0.2, 0.4, 0.6]"
ruler,sliding_window_llama3.3-70b,ruler_size25_pos0.20_0.40_0.60_fact3,0.0,33.277624999982436,1604,25,ID-51224,3,0.6,"[0.2, 0.4, 0.6]"
ruler,sliding_window_llama3.3-70b,ruler_size25_pos0.05_0.15_0.95_fact1,0.0,34.989999999993415,1637,25,KEY-8736-ALPHA,1,0.05,"[0.05, 0.15, 0.95]"
ruler,sliding_window_llama3.3-70b,ruler_size25_pos0.05_0.15_0.95_fact2,0.0,101.52333300001715,1637,25,KEY-3369-BETA,2,0.15,"[0.05, 0.15, 0.95]"
ruler,sliding_window_llama3.3-70b,ruler_size25_pos0.05_0.15_0.95_fact3,0.0,36.11091700000202,1637,25,ID-88561,3,0.95,"[0.05, 0.15, 0.95]"
ruler,sliding_window_llama3.3-70b,ruler_size25_pos0.45_0.50_0.55_fact1,0.0,32.66712500001745,1578,25,19.52,1,0.45,"[0.45, 0.5, 0.55]"
ruler,sliding_window_llama3.3-70b,ruler_size25_pos0.45_0.50_0.55_fact2,0.0,32.02145800000267,1578,25,20.09,2,0.5,"[0.45, 0.5, 0.55]"
ruler,sliding_window_llama3.3-70b,ruler_size25_pos0.45_0.50_0.55_fact3,0.0,31.54554200000348,1578,25,KEY-5342-BETA,3,0.55,"[0.45, 0.5, 0.55]"
ruler,sliding_window_llama3.3-70b,ruler_size50_pos0.10_0.50_0.90_fact1,0.0,32.00891700001307,3035,50,ID-89569,1,0.1,"[0.1, 0.5, 0.9]"
ruler,sliding_window_llama3.3-70b,ruler_size50_pos0.10_0.50_0.90_fact2,0.0,33.62570899997763,3035,50,KEY-4588-GAMMA,2,0.5,"[0.1, 0.5, 0.9]"
ruler,sliding_window_llama3.3-70b,ruler_size50_pos0.10_0.50_0.90_fact3,0.0,36.600124999978334,3035,50,ID-91381,3,0.9,"[0.1, 0.5, 0.9]"
ruler,sliding_window_llama3.3-70b,ruler_size50_pos0.20_0.40_0.60_fact1,0.0,32.04208400001107,3032,50,KEY-8285-ALPHA,1,0.2,"[0.2, 0.4, 0.6]"
ruler,sliding_window_llama3.3-70b,ruler_size50_pos0.20_0.40_0.60_fact2,0.0,33.216000000010126,3032,50,KEY-2627-GAMMA,2,0.4,"[0.2, 0.4, 0.6]"
ruler,sliding_window_llama3.3-70b,ruler_size50_pos0.20_0.40_0.60_fact3,0.0,34.03062499998555,3032,50,KEY-9920-GAMMA,3,0.6,"[0.2, 0.4, 0.6]"
ruler,sliding_window_llama3.3-70b,ruler_size50_pos0.05_0.15_0.95_fact1,0.0,32.74970900000085,3073,50,KEY-2557-BETA,1,0.05,"[0.05, 0.15, 0.95]"
ruler,sliding_window_llama3.3-70b,ruler_size50_pos0.05_0.15_0.95_fact2,0.0,37.816375000005564,3073,50,KEY-6120-GAMMA,2,0.15,"[0.05, 0.15, 0.95]"
ruler,sliding_window_llama3.3-70b,ruler_size50_pos0.05_0.15_0.95_fact3,0.0,32.62449999999717,3073,50,KEY-7132-ALPHA,3,0.95,"[0.05, 0.15, 0.95]"
ruler,sliding_window_llama3.3-70b,ruler_size50_pos0.45_0.50_0.55_fact1,0.0,111.40349999999444,3057,50,40.05,1,0.45,"[0.45, 0.5, 0.55]"
ruler,sliding_window_llama3.3-70b,ruler_size50_pos0.45_0.50_0.55_fact2,0.0,36.213540999995075,3057,50,ID-61807,2,0.5,"[0.45, 0.5, 0.55]"
ruler,sliding_window_llama3.3-70b,ruler_size50_pos0.45_0.50_0.55_fact3,0.0,35.321667000005164,3057,50,8.00,3,0.55,"[0.45, 0.5, 0.55]"
ruler,parallel_window_llama3.3-70b,ruler_size10_pos0.10_0.50_0.90_fact1,0.0,72.3680419999937,718,10,KEY-1693-BETA,1,0.1,"[0.1, 0.5, 0.9]"
ruler,parallel_window_llama3.3-70b,ruler_size10_pos0.10_0.50_0.90_fact2,0.0,33.24825000001397,718,10,ID-70260,2,0.5,"[0.1, 0.5, 0.9]"
ruler,parallel_window_llama3.3-70b,ruler_size10_pos0.10_0.50_0.90_fact3,0.0,32.391042000000425,718,10,ID-51033,3,0.9,"[0.1, 0.5, 0.9]"
ruler,parallel_window_llama3.3-70b,ruler_size10_pos0.20_0.40_0.60_fact1,0.0,33.764791000010064,714,10,KEY-7560-GAMMA,1,0.2,"[0.2, 0.4, 0.6]"
ruler,parallel_window_llama3.3-70b,ruler_size10_pos0.20_0.40_0.60_fact2,0.0,32.39804099999333,714,10,ID-61873,2,0.4,"[0.2, 0.4, 0.6]"
ruler,parallel_window_llama3.3-70b,ruler_size10_pos0.20_0.40_0.60_fact3,0.0,34.81725000000324,714,10,KEY-6562-ALPHA,3,0.6,"[0.2, 0.4, 0.6]"
ruler,parallel_window_llama3.3-70b,ruler_size10_pos0.05_0.15_0.95_fact1,0.0,35.771834000001945,763,10,10.22,1,0.05,"[0.05, 0.15, 0.95]"
ruler,parallel_window_llama3.3-70b,ruler_size10_pos0.05_0.15_0.95_fact2,0.0,34.954791000018304,763,10,64.59,2,0.15,"[0.05, 0.15, 0.95]"
ruler,parallel_window_llama3.3-70b,ruler_size10_pos0.05_0.15_0.95_fact3,0.0,116.1324579999814,763,10,98.74,3,0.95,"[0.05, 0.15, 0.95]"
ruler,parallel_window_llama3.3-70b,ruler_size10_pos0.45_0.50_0.55_fact1,0.0,33.33470799998395,722,10,ID-17456,1,0.45,"[0.45, 0.5, 0.55]"
ruler,parallel_window_llama3.3-70b,ruler_size10_pos0.45_0.50_0.55_fact2,0.0,31.4692080000043,722,10,KEY-5703-ALPHA,2,0.5,"[0.45, 0.5, 0.55]"
ruler,parallel_window_llama3.3-70b,ruler_size10_pos0.45_0.50_0.55_fact3,0.0,32.3730409999996,722,10,12.78,3,0.55,"[0.45, 0.5, 0.55]"
ruler,parallel_window_llama3.3-70b,ruler_size25_pos0.10_0.50_0.90_fact1,0.0,43.579999999991514,1617,25,KEY-6082-GAMMA,1,0.1,"[0.1, 0.5, 0.9]"
ruler,parallel_window_llama3.3-70b,ruler_size25_pos0.10_0.50_0.90_fact2,0.0,30.96320799997443,1617,25,85.50,2,0.5,"[0.1, 0.5, 0.9]"
ruler,parallel_window_llama3.3-70b,ruler_size25_pos0.10_0.50_0.90_fact3,0.0,33.96870800000329,1617,25,ID-87993,3,0.9,"[0.1, 0.5, 0.9]"
ruler,parallel_window_llama3.3-70b,ruler_size25_pos0.20_0.40_0.60_fact1,0.0,33.03520899999057,1612,25,KEY-8355-ALPHA,1,0.2,"[0.2, 0.4, 0.6]"
ruler,parallel_window_llama3.3-70b,ruler_size25_pos0.20_0.40_0.60_fact2,0.0,33.90720800001645,1612,25,31.39,2,0.4,"[0.2, 0.4, 0.6]"
ruler,parallel_window_llama3.3-70b,ruler_size25_pos0.20_0.40_0.60_fact3,0.0,37.987333000018,1612,25,KEY-4178-BETA,3,0.6,"[0.2, 0.4, 0.6]"
ruler,parallel_window_llama3.3-70b,ruler_size25_pos0.05_0.15_0.95_fact1,0.0,29.604792000014868,1595,25,ID-51770,1,0.05,"[0.05, 0.15, 0.95]"
ruler,parallel_window_llama3.3-70b,ruler_size25_pos0.05_0.15_0.95_fact2,0.0,34.090957999978855,1595,25,ID-95191,2,0.15,"[0.05, 0.15, 0.95]"
ruler,parallel_window_llama3.3-70b,ruler_size25_pos0.05_0.15_0.95_fact3,0.0,31.242875000003778,1595,25,KEY-3392-ALPHA,3,0.95,"[0.05, 0.15, 0.95]"
ruler,parallel_window_llama3.3-70b,ruler_size25_pos0.45_0.50_0.55_fact1,0.0,32.44570799998314,1624,25,KEY-1713-GAMMA,1,0.45,"[0.45, 0.5, 0.55]"
ruler,parallel_window_llama3.3-70b,ruler_size25_pos0.45_0.50_0.55_fact2,0.0,130.7860420000111,1624,25,KEY-7116-BETA,2,0.5,"[0.45, 0.5, 0.55]"
ruler,parallel_window_llama3.3-70b,ruler_size25_pos0.45_0.50_0.55_fact3,0.0,64.68179199998758,1624,25,3.45,3,0.55,"[0.45, 0.5, 0.55]"
ruler,parallel_window_llama3.3-70b,ruler_size50_pos0.10_0.50_0.90_fact1,0.0,32.833375000024034,3040,50,87.56,1,0.1,"[0.1, 0.5, 0.9]"
ruler,parallel_window_llama3.3-70b,ruler_size50_pos0.10_0.50_0.90_fact2,0.0,30.69512499999405,3040,50,ID-26545,2,0.5,"[0.1, 0.5, 0.9]"
ruler,parallel_window_llama3.3-70b,ruler_size50_pos0.10_0.50_0.90_fact3,0.0,32.23650000001044,3040,50,ID-40932,3,0.9,"[0.1, 0.5, 0.9]"
ruler,parallel_window_llama3.3-70b,ruler_size50_pos0.20_0.40_0.60_fact1,0.0,31.119333000020788,3065,50,ID-66704,1,0.2,"[0.2, 0.4, 0.6]"
ruler,parallel_window_llama3.3-70b,ruler_size50_pos0.20_0.40_0.60_fact2,0.0,34.97316700000397,3065,50,8.15,2,0.4,"[0.2, 0.4, 0.6]"
ruler,parallel_window_llama3.3-70b,ruler_size50_pos0.20_0.40_0.60_fact3,0.0,36.380958999984614,3065,50,20.38,3,0.6,"[0.2, 0.4, 0.6]"
ruler,parallel_window_llama3.3-70b,ruler_size50_pos0.05_0.15_0.95_fact1,0.0,32.62708299999417,3047,50,ID-38199,1,0.05,"[0.05, 0.15, 0.95]"
ruler,parallel_window_llama3.3-70b,ruler_size50_pos0.05_0.15_0.95_fact2,0.0,31.05250000001547,3047,50,46.06,2,0.15,"[0.05, 0.15, 0.95]"
ruler,parallel_window_llama3.3-70b,ruler_size50_pos0.05_0.15_0.95_fact3,0.0,34.950333000011824,3047,50,ID-46877,3,0.95,"[0.05, 0.15, 0.95]"
ruler,parallel_window_llama3.3-70b,ruler_size50_pos0.45_0.50_0.55_fact1,0.0,31.7297080000003,3045,50,100.78,1,0.45,"[0.45, 0.5, 0.55]"
ruler,parallel_window_llama3.3-70b,ruler_size50_pos0.45_0.50_0.55_fact2,0.0,108.20750100000964,3045,50,KEY-2020-GAMMA,2,0.5,"[0.45, 0.5, 0.55]"
ruler,parallel_window_llama3.3-70b,ruler_size50_pos0.45_0.50_0.55_fact3,0.0,30.612334000011288,3045,50,ID-77984,3,0.55,"[0.45, 0.5, 0.55]"
ruler,semantic_compression_llama3.3-70b,ruler_size10_pos0.10_0.50_0.90_fact1,0.0,142.29533299999275,703,10,39.28,1,0.1,"[0.1, 0.5, 0.9]"
ruler,semantic_compression_llama3.3-70b,ruler_size10_pos0.10_0.50_0.90_fact2,0.0,63.644374999995534,703,10,KEY-5735-GAMMA,2,0.5,"[0.1, 0.5, 0.9]"
ruler,semantic_compression_llama3.3-70b,ruler_size10_pos0.10_0.50_0.90_fact3,0.0,69.88474999999994,703,10,ID-74094,3,0.9,"[0.1, 0.5, 0.9]"
ruler,semantic_compression_llama3.3-70b,ruler_size10_pos0.20_0.40_0.60_fact1,0.0,68.57787500001677,734,10,KEY-5201-GAMMA,1,0.2,"[0.2, 0.4, 0.6]"
ruler,semantic_compression_llama3.3-70b,ruler_size10_pos0.20_0.40_0.60_fact2,0.0,123.92758400000048,734,10,KEY-4505-ALPHA,2,0.4,"[0.2, 0.4, 0.6]"
ruler,semantic_compression_llama3.3-70b,ruler_size10_pos0.20_0.40_0.60_fact3,0.0,64.81312500000058,734,10,35.71,3,0.6,"[0.2, 0.4, 0.6]"
ruler,semantic_compression_llama3.3-70b,ruler_size10_pos0.05_0.15_0.95_fact1,0.0,67.0802499999752,734,10,21.52,1,0.05,"[0.05, 0.15, 0.95]"
ruler,semantic_compression_llama3.3-70b,ruler_size10_pos0.05_0.15_0.95_fact2,0.0,62.5421670000037,734,10,61.61,2,0.15,"[0.05, 0.15, 0.95]"
ruler,semantic_compression_llama3.3-70b,ruler_size10_pos0.05_0.15_0.95_fact3,0.0,65.5825830000083,734,10,26.96,3,0.95,"[0.05, 0.15, 0.95]"
ruler,semantic_compression_llama3.3-70b,ruler_size10_pos0.45_0.50_0.55_fact1,0.0,64.19666700000448,768,10,KEY-4052-GAMMA,1,0.45,"[0.45, 0.5, 0.55]"
ruler,semantic_compression_llama3.3-70b,ruler_size10_pos0.45_0.50_0.55_fact2,0.0,66.51825000000144,768,10,KEY-1613-ALPHA,2,0.5,"[0.45, 0.5, 0.55]"
ruler,semantic_compression_llama3.3-70b,ruler_size10_pos0.45_0.50_0.55_fact3,0.0,133.11012500000174,768,10,KEY-2758-BETA,3,0.55,"[0.45, 0.5, 0.55]"
ruler,semantic_compression_llama3.3-70b,ruler_size25_pos0.10_0.50_0.90_fact1,0.0,68.65866600000459,1572,25,93.73,1,0.1,"[0.1, 0.5, 0.9]"
ruler,semantic_compression_llama3.3-70b,ruler_size25_pos0.10_0.50_0.90_fact2,0.0,65.41462499998829,1572,25,ID-44282,2,0.5,"[0.1, 0.5, 0.9]"
ruler,semantic_compression_llama3.3-70b,ruler_size25_pos0.10_0.50_0.90_fact3,0.0,67.53741700001115,1572,25,47.88,3,0.9,"[0.1, 0.5, 0.9]"
ruler,semantic_compression_llama3.3-70b,ruler_size25_pos0.20_0.40_0.60_fact1,0.0,92.75612400000455,1580,25,ID-69432,1,0.2,"[0.2, 0.4, 0.6]"
ruler,semantic_compression_llama3.3-70b,ruler_size25_pos0.20_0.40_0.60_fact2,0.0,65.5264580000221,1580,25,ID-77272,2,0.4,"[0.2, 0.4, 0.6]"
ruler,semantic_compression_llama3.3-70b,ruler_size25_pos0.20_0.40_0.60_fact3,0.0,62.28020800000422,1580,25,KEY-8484-GAMMA,3,0.6,"[0.2, 0.4, 0.6]"
ruler,semantic_compression_llama3.3-70b,ruler_size25_pos0.05_0.15_0.95_fact1,0.0,133.20633299997553,1642,25,ID-10455,1,0.05,"[0.05, 0.15, 0.95]"
ruler,semantic_compression_llama3.3-70b,ruler_size25_pos0.05_0.15_0.95_fact2,0.0,76.50529200000733,1642,25,ID-49107,2,0.15,"[0.05, 0.15, 0.95]"
ruler,semantic_compression_llama3.3-70b,ruler_size25_pos0.05_0.15_0.95_fact3,0.0,73.66141700001094,1642,25,KEY-9920-BETA,3,0.95,"[0.05, 0.15, 0.95]"
ruler,semantic_compression_llama3.3-70b,ruler_size25_pos0.45_0.50_0.55_fact1,0.0,61.02279199998861,1622,25,55.71,1,0.45,"[0.45, 0.5, 0.55]"
ruler,semantic_compression_llama3.3-70b,ruler_size25_pos0.45_0.50_0.55_fact2,0.0,62.9524169999911,1622,25,KEY-1768-BETA,2,0.5,"[0.45, 0.5, 0.55]"
ruler,semantic_compression_llama3.3-70b,ruler_size25_pos0.45_0.50_0.55_fact3,0.0,63.64570799999569,1622,25,86.48,3,0.55,"[0.45, 0.5, 0.55]"
ruler,semantic_compression_llama3.3-70b,ruler_size50_pos0.10_0.50_0.90_fact1,0.0,66.69954200000916,2980,50,ID-75444,1,0.1,"[0.1, 0.5, 0.9]"
ruler,semantic_compression_llama3.3-70b,ruler_size50_pos0.10_0.50_0.90_fact2,0.0,144.1189589999965,2980,50,84.87,2,0.5,"[0.1, 0.5, 0.9]"
ruler,semantic_compression_llama3.3-70b,ruler_size50_pos0.10_0.50_0.90_fact3,0.0,74.88016700000344,2980,50,KEY-5216-BETA,3,0.9,"[0.1, 0.5, 0.9]"
ruler,semantic_compression_llama3.3-70b,ruler_size50_pos0.20_0.40_0.60_fact1,0.0,63.83591599998795,3081,50,ID-99709,1,0.2,"[0.2, 0.4, 0.6]"
ruler,semantic_compression_llama3.3-70b,ruler_size50_pos0.20_0.40_0.60_fact2,0.0,67.15550000001258,3081,50,KEY-9897-GAMMA,2,0.4,"[0.2, 0.4, 0.6]"
ruler,semantic_compression_llama3.3-70b,ruler_size50_pos0.20_0.40_0.60_fact3,0.0,93.53183300001433,3081,50,5.22,3,0.6,"[0.2, 0.4, 0.6]"
ruler,semantic_compression_llama3.3-70b,ruler_size50_pos0.05_0.15_0.95_fact1,0.0,64.72433399997612,3011,50,ID-45247,1,0.05,"[0.05, 0.15, 0.95]"
ruler,semantic_compression_llama3.3-70b,ruler_size50_pos0.05_0.15_0.95_fact2,0.0,138.93958399998496,3011,50,KEY-5397-BETA,2,0.15,"[0.05, 0.15, 0.95]"
ruler,semantic_compression_llama3.3-70b,ruler_size50_pos0.05_0.15_0.95_fact3,0.0,67.2503749999862,3011,50,ID-18292,3,0.95,"[0.05, 0.15, 0.95]"
ruler,semantic_compression_llama3.3-70b,ruler_size50_pos0.45_0.50_0.55_fact1,0.0,71.18874999997615,2974,50,KEY-8052-ALPHA,1,0.45,"[0.45, 0.5, 0.55]"
ruler,semantic_compression_llama3.3-70b,ruler_size50_pos0.45_0.50_0.55_fact2,0.0,61.93204100000571,2974,50,ID-22924,2,0.5,"[0.45, 0.5, 0.55]"
ruler,semantic_compression_llama3.3-70b,ruler_size50_pos0.45_0.50_0.55_fact3,0.0,64.70937499997831,2974,50,KEY-4637-GAMMA,3,0.55,"[0.45, 0.5, 0.55]"
ruler,rig_llama3.3-70b,ruler_size10_pos0.10_0.50_0.90_fact1,0.0,4455.574336000012,750,10,KEY-4389-GAMMA,1,0.1,"[0.1, 0.5, 0.9]"
ruler,rig_llama3.3-70b,ruler_size10_pos0.10_0.50_0.90_fact2,0.0,155.09583400000793,750,10,KEY-6706-BETA,2,0.5,"[0.1, 0.5, 0.9]"
ruler,rig_llama3.3-70b,ruler_size10_pos0.10_0.50_0.90_fact3,0.0,120.51483399997664,750,10,ID-67431,3,0.9,"[0.1, 0.5, 0.9]"
ruler,rig_llama3.3-70b,ruler_size10_pos0.20_0.40_0.60_fact1,0.0,107.20912499999713,768,10,55.59,1,0.2,"[0.2, 0.4, 0.6]"
ruler,rig_llama3.3-70b,ruler_size10_pos0.20_0.40_0.60_fact2,0.0,127.45674999999324,768,10,ID-63090,2,0.4,"[0.2, 0.4, 0.6]"
ruler,rig_llama3.3-70b,ruler_size10_pos0.20_0.40_0.60_fact3,0.0,103.09612499997911,768,10,24.23,3,0.6,"[0.2, 0.4, 0.6]"
ruler,rig_llama3.3-70b,ruler_size10_pos0.05_0.15_0.95_fact1,0.0,106.18558299998426,742,10,KEY-4228-BETA,1,0.05,"[0.05, 0.15, 0.95]"
ruler,rig_llama3.3-70b,ruler_size10_pos0.05_0.15_0.95_fact2,0.0,96.87395800000331,742,10,ID-44387,2,0.15,"[0.05, 0.15, 0.95]"
ruler,rig_llama3.3-70b,ruler_size10_pos0.05_0.15_0.95_fact3,0.0,195.03212499998313,742,10,63.67,3,0.95,"[0.05, 0.15, 0.95]"
ruler,rig_llama3.3-70b,ruler_size10_pos0.45_0.50_0.55_fact1,0.0,121.64683399998921,738,10,ID-41270,1,0.45,"[0.45, 0.5, 0.55]"
ruler,rig_llama3.3-70b,ruler_size10_pos0.45_0.50_0.55_fact2,0.0,99.96683299999631,738,10,KEY-2916-ALPHA,2,0.5,"[0.45, 0.5, 0.55]"
ruler,rig_llama3.3-70b,ruler_size10_pos0.45_0.50_0.55_fact3,0.0,103.51700000001074,738,10,KEY-3316-GAMMA,3,0.55,"[0.45, 0.5, 0.55]"
ruler,rig_llama3.3-70b,ruler_size25_pos0.10_0.50_0.90_fact1,0.0,109.1305420000026,1639,25,15.73,1,0.1,"[0.1, 0.5, 0.9]"
ruler,rig_llama3.3-70b,ruler_size25_pos0.10_0.50_0.90_fact2,0.0,121.42199999999548,1639,25,ID-45112,2,0.5,"[0.1, 0.5, 0.9]"
ruler,rig_llama3.3-70b,ruler_size25_pos0.10_0.50_0.90_fact3,0.0,109.75604200001499,1639,25,47.69,3,0.9,"[0.1, 0.5, 0.9]"
ruler,rig_llama3.3-70b,ruler_size25_pos0.20_0.40_0.60_fact1,0.0,124.81158399998549,1615,25,ID-42725,1,0.2,"[0.2, 0.4, 0.6]"
ruler,rig_llama3.3-70b,ruler_size25_pos0.20_0.40_0.60_fact2,0.0,112.39445800001135,1615,25,ID-52217,2,0.4,"[0.2, 0.4, 0.6]"
ruler,rig_llama3.3-70b,ruler_size25_pos0.20_0.40_0.60_fact3,0.0,197.8670840000234,1615,25,ID-98635,3,0.6,"[0.2, 0.4, 0.6]"
ruler,rig_llama3.3-70b,ruler_size25_pos0.05_0.15_0.95_fact1,0.0,107.51037500000393,1595,25,ID-30707,1,0.05,"[0.05, 0.15, 0.95]"
ruler,rig_llama3.3-70b,ruler_size25_pos0.05_0.15_0.95_fact2,0.0,114.10766699998476,1595,25,KEY-8479-ALPHA,2,0.15,"[0.05, 0.15, 0.95]"
ruler,rig_llama3.3-70b,ruler_size25_pos0.05_0.15_0.95_fact3,0.0,95.74183299997685,1595,25,KEY-4314-GAMMA,3,0.95,"[0.05, 0.15, 0.95]"
ruler,rig_llama3.3-70b,ruler_size25_pos0.45_0.50_0.55_fact1,0.0,181.0492090000082,1618,25,KEY-3181-GAMMA,1,0.45,"[0.45, 0.5, 0.55]"
ruler,rig_llama3.3-70b,ruler_size25_pos0.45_0.50_0.55_fact2,0.0,129.92354200000023,1618,25,19.08,2,0.5,"[0.45, 0.5, 0.55]"
ruler,rig_llama3.3-70b,ruler_size25_pos0.45_0.50_0.55_fact3,0.0,111.32029200001625,1618,25,73.01,3,0.55,"[0.45, 0.5, 0.55]"
ruler,rig_llama3.3-70b,ruler_size50_pos0.10_0.50_0.90_fact1,0.0,125.55087499998763,3048,50,KEY-1901-BETA,1,0.1,"[0.1, 0.5, 0.9]"
ruler,rig_llama3.3-70b,ruler_size50_pos0.10_0.50_0.90_fact2,0.0,156.69195899999977,3048,50,95.84,2,0.5,"[0.1, 0.5, 0.9]"
ruler,rig_llama3.3-70b,ruler_size50_pos0.10_0.50_0.90_fact3,0.0,139.26541600000064,3048,50,23.15,3,0.9,"[0.1, 0.5, 0.9]"
ruler,rig_llama3.3-70b,ruler_size50_pos0.20_0.40_0.60_fact1,0.0,125.62783299998159,3072,50,KEY-1391-ALPHA,1,0.2,"[0.2, 0.4, 0.6]"
ruler,rig_llama3.3-70b,ruler_size50_pos0.20_0.40_0.60_fact2,0.0,126.20045799999957,3072,50,45.81,2,0.4,"[0.2, 0.4, 0.6]"
ruler,rig_llama3.3-70b,ruler_size50_pos0.20_0.40_0.60_fact3,0.0,136.05629200000635,3072,50,2.42,3,0.6,"[0.2, 0.4, 0.6]"
ruler,rig_llama3.3-70b,ruler_size50_pos0.05_0.15_0.95_fact1,0.0,130.86862500000507,3033,50,ID-25919,1,0.05,"[0.05, 0.15, 0.95]"
ruler,rig_llama3.3-70b,ruler_size50_pos0.05_0.15_0.95_fact2,0.0,136.60729200000787,3033,50,ID-18083,2,0.15,"[0.05, 0.15, 0.95]"
ruler,rig_llama3.3-70b,ruler_size50_pos0.05_0.15_0.95_fact3,0.0,120.95937500001241,3033,50,ID-27133,3,0.95,"[0.05, 0.15, 0.95]"
ruler,rig_llama3.3-70b,ruler_size50_pos0.45_0.50_0.55_fact1,0.0,144.52837500002147,3008,50,46.72,1,0.45,"[0.45, 0.5, 0.55]"
ruler,rig_llama3.3-70b,ruler_size50_pos0.45_0.50_0.55_fact2,0.0,111.13162499998452,3008,50,19.72,2,0.5,"[0.45, 0.5, 0.55]"
ruler,rig_llama3.3-70b,ruler_size50_pos0.45_0.50_0.55_fact3,0.0,121.78316700001801,3008,50,ID-74517,3,0.55,"[0.45, 0.5, 0.55]"
ruler,raw_gpt-oss-20b,ruler_size10_pos0.10_0.50_0.90_fact1,1.0,880.2436249999914,740,10,90.69,1,0.1,"[0.1, 0.5, 0.9]"
ruler,raw_gpt-oss-20b,ruler_size10_pos0.10_0.50_0.90_fact2,1.0,501.7666669999983,740,10,KEY-4611-BETA,2,0.5,"[0.1, 0.5, 0.9]"
ruler,raw_gpt-oss-20b,ruler_size10_pos0.10_0.50_0.90_fact3,1.0,1402.9716670000028,740,10,36.00,3,0.9,"[0.1, 0.5, 0.9]"
ruler,raw_gpt-oss-20b,ruler_size10_pos0.20_0.40_0.60_fact1,1.0,983.2352090000143,742,10,KEY-9785-ALPHA,1,0.2,"[0.2, 0.4, 0.6]"
ruler,raw_gpt-oss-20b,ruler_size10_pos0.20_0.40_0.60_fact2,1.0,283.12137500000745,742,10,KEY-2291-GAMMA,2,0.4,"[0.2, 0.4, 0.6]"
ruler,raw_gpt-oss-20b,ruler_size10_pos0.20_0.40_0.60_fact3,1.0,810.5747080000185,742,10,KEY-6925-GAMMA,3,0.6,"[0.2, 0.4, 0.6]"
ruler,raw_gpt-oss-20b,ruler_size10_pos0.05_0.15_0.95_fact1,1.0,294.7802079999917,712,10,KEY-2169-GAMMA,1,0.05,"[0.05, 0.15, 0.95]"
ruler,raw_gpt-oss-20b,ruler_size10_pos0.05_0.15_0.95_fact2,1.0,1742.7749599999913,712,10,22.68,2,0.15,"[0.05, 0.15, 0.95]"
ruler,raw_gpt-oss-20b,ruler_size10_pos0.05_0.15_0.95_fact3,1.0,416.69508300000757,712,10,32.20,3,0.95,"[0.05, 0.15, 0.95]"
ruler,raw_gpt-oss-20b,ruler_size10_pos0.45_0.50_0.55_fact1,1.0,333.01483400001075,715,10,64.50,1,0.45,"[0.45, 0.5, 0.55]"
ruler,raw_gpt-oss-20b,ruler_size10_pos0.45_0.50_0.55_fact2,1.0,320.01954200001137,715,10,59.18,2,0.5,"[0.45, 0.5, 0.55]"
ruler,raw_gpt-oss-20b,ruler_size10_pos0.45_0.50_0.55_fact3,1.0,361.5308749999997,715,10,KEY-3287-ALPHA,3,0.55,"[0.45, 0.5, 0.55]"
ruler,raw_gpt-oss-20b,ruler_size25_pos0.10_0.50_0.90_fact1,1.0,364.96883300000604,1625,25,KEY-3646-GAMMA,1,0.1,"[0.1, 0.5, 0.9]"
ruler,raw_gpt-oss-20b,ruler_size25_pos0.10_0.50_0.90_fact2,1.0,277.7114169999777,1625,25,1.76,2,0.5,"[0.1, 0.5, 0.9]"
ruler,raw_gpt-oss-20b,ruler_size25_pos0.10_0.50_0.90_fact3,1.0,321.9188329999838,1625,25,KEY-9005-ALPHA,3,0.9,"[0.1, 0.5, 0.9]"
ruler,raw_gpt-oss-20b,ruler_size25_pos0.20_0.40_0.60_fact1,1.0,454.8777500000085,1627,25,KEY-2160-GAMMA,1,0.2,"[0.2, 0.4, 0.6]"
ruler,raw_gpt-oss-20b,ruler_size25_pos0.20_0.40_0.60_fact2,1.0,678.9575009999851,1627,25,ID-46500,2,0.4,"[0.2, 0.4, 0.6]"
ruler,raw_gpt-oss-20b,ruler_size25_pos0.20_0.40_0.60_fact3,1.0,3354.24258499998,1627,25,63.27,3,0.6,"[0.2, 0.4, 0.6]"
ruler,raw_gpt-oss-20b,ruler_size25_pos0.05_0.15_0.95_fact1,1.0,4367.709960000013,1595,25,KEY-1960-ALPHA,1,0.05,"[0.05, 0.15, 0.95]"
ruler,raw_gpt-oss-20b,ruler_size25_pos0.05_0.15_0.95_fact2,1.0,4361.56950199998,1595,25,KEY-1035-BETA,2,0.15,"[0.05, 0.15, 0.95]"
ruler,raw_gpt-oss-20b,ruler_size25_pos0.05_0.15_0.95_fact3,1.0,4361.2650439999925,1595,25,KEY-8454-BETA,3,0.95,"[0.05, 0.15, 0.95]"
ruler,raw_gpt-oss-20b,ruler_size25_pos0.45_0.50_0.55_fact1,1.0,4376.743043999994,1618,25,ID-11220,1,0.45,"[0.45, 0.5, 0.55]"
ruler,raw_gpt-oss-20b,ruler_size25_pos0.45_0.50_0.55_fact2,1.0,3411.467042999988,1618,25,KEY-2638-ALPHA,2,0.5,"[0.45, 0.5, 0.55]"
ruler,raw_gpt-oss-20b,ruler_size25_pos0.45_0.50_0.55_fact3,1.0,4311.666918999976,1618,25,28.64,3,0.55,"[0.45, 0.5, 0.55]"
ruler,raw_gpt-oss-20b,ruler_size50_pos0.10_0.50_0.90_fact1,1.0,7709.232586000013,3115,50,14.48,1,0.1,"[0.1, 0.5, 0.9]"
ruler,raw_gpt-oss-20b,ruler_size50_pos0.10_0.50_0.90_fact2,1.0,5378.987169999988,3115,50,ID-71694,2,0.5,"[0.1, 0.5, 0.9]"
ruler,raw_gpt-oss-20b,ruler_size50_pos0.10_0.50_0.90_fact3,1.0,7491.27054500002,3115,50,ID-36158,3,0.9,"[0.1, 0.5, 0.9]"
ruler,raw_gpt-oss-20b,ruler_size50_pos0.20_0.40_0.60_fact1,1.0,5433.448461000012,2985,50,99.09,1,0.2,"[0.2, 0.4, 0.6]"
ruler,raw_gpt-oss-20b,ruler_size50_pos0.20_0.40_0.60_fact2,1.0,7525.262004000013,2985,50,KEY-7790-GAMMA,2,0.4,"[0.2, 0.4, 0.6]"
ruler,raw_gpt-oss-20b,ruler_size50_pos0.20_0.40_0.60_fact3,1.0,6441.032876999998,2985,50,25.91,3,0.6,"[0.2, 0.4, 0.6]"
ruler,raw_gpt-oss-20b,ruler_size50_pos0.05_0.15_0.95_fact1,1.0,5469.3390030000155,3011,50,KEY-3091-GAMMA,1,0.05,"[0.05, 0.15, 0.95]"
ruler,raw_gpt-oss-20b,ruler_size50_pos0.05_0.15_0.95_fact2,1.0,6588.992294000036,3011,50,4.50,2,0.15,"[0.05, 0.15, 0.95]"
ruler,raw_gpt-oss-20b,ruler_size50_pos0.05_0.15_0.95_fact3,1.0,6409.381961999998,3011,50,73.84,3,0.95,"[0.05, 0.15, 0.95]"
ruler,raw_gpt-oss-20b,ruler_size50_pos0.45_0.50_0.55_fact1,1.0,6430.825378000009,3043,50,ID-46559,1,0.45,"[0.45, 0.5, 0.55]"
ruler,raw_gpt-oss-20b,ruler_size50_pos0.45_0.50_0.55_fact2,1.0,6645.034459999977,3043,50,KEY-4995-BETA,2,0.5,"[0.45, 0.5, 0.55]"
ruler,raw_gpt-oss-20b,ruler_size50_pos0.45_0.50_0.55_fact3,1.0,6427.7608780000155,3043,50,79.85,3,0.55,"[0.45, 0.5, 0.55]"
ruler,sliding_window_gpt-oss-20b,ruler_size10_pos0.10_0.50_0.90_fact1,1.0,2478.200708999964,717,10,ID-63271,1,0.1,"[0.1, 0.5, 0.9]"
ruler,sliding_window_gpt-oss-20b,ruler_size10_pos0.10_0.50_0.90_fact2,1.0,2359.5528759999524,717,10,KEY-4937-GAMMA,2,0.5,"[0.1, 0.5, 0.9]"
ruler,sliding_window_gpt-oss-20b,ruler_size10_pos0.10_0.50_0.90_fact3,1.0,3358.989292999979,717,10,KEY-9041-BETA,3,0.9,"[0.1, 0.5, 0.9]"
ruler,sliding_window_gpt-oss-20b,ruler_size10_pos0.20_0.40_0.60_fact1,1.0,2292.543875999968,698,10,25.40,1,0.2,"[0.2, 0.4, 0.6]"
ruler,sliding_window_gpt-oss-20b,ruler_size10_pos0.20_0.40_0.60_fact2,1.0,2412.4552929999936,698,10,ID-80236,2,0.4,"[0.2, 0.4, 0.6]"
ruler,sliding_window_gpt-oss-20b,ruler_size10_pos0.20_0.40_0.60_fact3,1.0,2337.8642100000206,698,10,24.24,3,0.6,"[0.2, 0.4, 0.6]"
ruler,sliding_window_gpt-oss-20b,ruler_size10_pos0.05_0.15_0.95_fact1,1.0,3319.1548770000168,756,10,KEY-3068-GAMMA,1,0.05,"[0.05, 0.15, 0.95]"
ruler,sliding_window_gpt-oss-20b,ruler_size10_pos0.05_0.15_0.95_fact2,1.0,2471.161708000011,756,10,KEY-2680-ALPHA,2,0.15,"[0.05, 0.15, 0.95]"
ruler,sliding_window_gpt-oss-20b,ruler_size10_pos0.05_0.15_0.95_fact3,1.0,2383.2207089999997,756,10,37.60,3,0.95,"[0.05, 0.15, 0.95]"
ruler,sliding_window_gpt-oss-20b,ruler_size10_pos0.45_0.50_0.55_fact1,1.0,3418.6221260000025,738,10,98.53,1,0.45,"[0.45, 0.5, 0.55]"
ruler,sliding_window_gpt-oss-20b,ruler_size10_pos0.45_0.50_0.55_fact2,1.0,2331.1094169999933,738,10,77.79,2,0.5,"[0.45, 0.5, 0.55]"
ruler,sliding_window_gpt-oss-20b,ruler_size10_pos0.45_0.50_0.55_fact3,1.0,2435.9595010000135,738,10,ID-78494,3,0.55,"[0.45, 0.5, 0.55]"
ruler,sliding_window_gpt-oss-20b,ruler_size25_pos0.10_0.50_0.90_fact1,1.0,4433.351084999969,1603,25,ID-31747,1,0.1,"[0.1, 0.5, 0.9]"
ruler,sliding_window_gpt-oss-20b,ruler_size25_pos0.10_0.50_0.90_fact2,1.0,5367.597210999975,1603,25,KEY-5728-BETA,2,0.5,"[0.1, 0.5, 0.9]"
ruler,sliding_window_gpt-oss-20b,ruler_size25_pos0.10_0.50_0.90_fact3,0.0,37.10716699998784,1603,25,ID-71433,3,0.9,"[0.1, 0.5, 0.9]"
ruler,sliding_window_gpt-oss-20b,ruler_size25_pos0.20_0.40_0.60_fact1,0.0,32.462500000008276,1604,25,52.97,1,0.2,"[0.2, 0.4, 0.6]"
ruler,sliding_window_gpt-oss-20b,ruler_size25_pos0.20_0.40_0.60_fact2,0.0,30.054542000016227,1604,25,5.58,2,0.4,"[0.2, 0.4, 0.6]"
ruler,sliding_window_gpt-oss-20b,ruler_size25_pos0.20_0.40_0.60_fact3,0.0,31.226583000034225,1604,25,ID-51224,3,0.6,"[0.2, 0.4, 0.6]"
ruler,sliding_window_gpt-oss-20b,ruler_size25_pos0.05_0.15_0.95_fact1,0.0,31.282542000042213,1637,25,KEY-8736-ALPHA,1,0.05,"[0.05, 0.15, 0.95]"
ruler,sliding_window_gpt-oss-20b,ruler_size25_pos0.05_0.15_0.95_fact2,0.0,33.67008300000407,1637,25,KEY-3369-BETA,2,0.15,"[0.05, 0.15, 0.95]"
ruler,sliding_window_gpt-oss-20b,ruler_size25_pos0.05_0.15_0.95_fact3,0.0,32.41279100001293,1637,25,ID-88561,3,0.95,"[0.05, 0.15, 0.95]"
ruler,sliding_window_gpt-oss-20b,ruler_size25_pos0.45_0.50_0.55_fact1,0.0,95.2490000000239,1578,25,19.52,1,0.45,"[0.45, 0.5, 0.55]"
ruler,sliding_window_gpt-oss-20b,ruler_size25_pos0.45_0.50_0.55_fact2,0.0,35.477582999988044,1578,25,20.09,2,0.5,"[0.45, 0.5, 0.55]"
ruler,sliding_window_gpt-oss-20b,ruler_size25_pos0.45_0.50_0.55_fact3,0.0,32.92183399997839,1578,25,KEY-5342-BETA,3,0.55,"[0.45, 0.5, 0.55]"
ruler,sliding_window_gpt-oss-20b,ruler_size50_pos0.10_0.50_0.90_fact1,0.0,31.513791999998375,3035,50,ID-89569,1,0.1,"[0.1, 0.5, 0.9]"
ruler,sliding_window_gpt-oss-20b,ruler_size50_pos0.10_0.50_0.90_fact2,0.0,30.802458999971805,3035,50,KEY-4588-GAMMA,2,0.5,"[0.1, 0.5, 0.9]"
ruler,sliding_window_gpt-oss-20b,ruler_size50_pos0.10_0.50_0.90_fact3,0.0,34.65479199996935,3035,50,ID-91381,3,0.9,"[0.1, 0.5, 0.9]"
ruler,sliding_window_gpt-oss-20b,ruler_size50_pos0.20_0.40_0.60_fact1,0.0,32.51683299998831,3032,50,KEY-8285-ALPHA,1,0.2,"[0.2, 0.4, 0.6]"
ruler,sliding_window_gpt-oss-20b,ruler_size50_pos0.20_0.40_0.60_fact2,0.0,36.093750000020464,3032,50,KEY-2627-GAMMA,2,0.4,"[0.2, 0.4, 0.6]"
ruler,sliding_window_gpt-oss-20b,ruler_size50_pos0.20_0.40_0.60_fact3,0.0,33.465125000020635,3032,50,KEY-9920-GAMMA,3,0.6,"[0.2, 0.4, 0.6]"
ruler,sliding_window_gpt-oss-20b,ruler_size50_pos0.05_0.15_0.95_fact1,0.0,30.276874999970005,3073,50,KEY-2557-BETA,1,0.05,"[0.05, 0.15, 0.95]"
ruler,sliding_window_gpt-oss-20b,ruler_size50_pos0.05_0.15_0.95_fact2,0.0,34.03145800001539,3073,50,KEY-6120-GAMMA,2,0.15,"[0.05, 0.15, 0.95]"
ruler,sliding_window_gpt-oss-20b,ruler_size50_pos0.05_0.15_0.95_fact3,0.0,32.623750000027485,3073,50,KEY-7132-ALPHA,3,0.95,"[0.05, 0.15, 0.95]"
ruler,sliding_window_gpt-oss-20b,ruler_size50_pos0.45_0.50_0.55_fact1,0.0,32.4340409999877,3057,50,40.05,1,0.45,"[0.45, 0.5, 0.55]"
ruler,sliding_window_gpt-oss-20b,ruler_size50_pos0.45_0.50_0.55_fact2,0.0,34.316457999977956,3057,50,ID-61807,2,0.5,"[0.45, 0.5, 0.55]"
ruler,sliding_window_gpt-oss-20b,ruler_size50_pos0.45_0.50_0.55_fact3,0.0,95.49741699999004,3057,50,8.00,3,0.55,"[0.45, 0.5, 0.55]"
ruler,parallel_window_gpt-oss-20b,ruler_size10_pos0.10_0.50_0.90_fact1,1.0,58193.93540199997,718,10,KEY-1693-BETA,1,0.1,"[0.1, 0.5, 0.9]"
ruler,parallel_window_gpt-oss-20b,ruler_size10_pos0.10_0.50_0.90_fact2,0.0,32.74254200005089,718,10,ID-70260,2,0.5,"[0.1, 0.5, 0.9]"
ruler,parallel_window_gpt-oss-20b,ruler_size10_pos0.10_0.50_0.90_fact3,0.0,35.63958300003378,718,10,ID-51033,3,0.9,"[0.1, 0.5, 0.9]"
ruler,parallel_window_gpt-oss-20b,ruler_size10_pos0.20_0.40_0.60_fact1,0.0,33.81883399998742,714,10,KEY-7560-GAMMA,1,0.2,"[0.2, 0.4, 0.6]"
ruler,parallel_window_gpt-oss-20b,ruler_size10_pos0.20_0.40_0.60_fact2,0.0,32.95537499997181,714,10,ID-61873,2,0.4,"[0.2, 0.4, 0.6]"
ruler,parallel_window_gpt-oss-20b,ruler_size10_pos0.20_0.40_0.60_fact3,0.0,31.292833000009068,714,10,KEY-6562-ALPHA,3,0.6,"[0.2, 0.4, 0.6]"
ruler,parallel_window_gpt-oss-20b,ruler_size10_pos0.05_0.15_0.95_fact1,0.0,32.57229199999756,763,10,10.22,1,0.05,"[0.05, 0.15, 0.95]"
ruler,parallel_window_gpt-oss-20b,ruler_size10_pos0.05_0.15_0.95_fact2,0.0,51.52079100002993,763,10,64.59,2,0.15,"[0.05, 0.15, 0.95]"
ruler,parallel_window_gpt-oss-20b,ruler_size10_pos0.05_0.15_0.95_fact3,0.0,33.23245799998631,763,10,98.74,3,0.95,"[0.05, 0.15, 0.95]"
ruler,parallel_window_gpt-oss-20b,ruler_size10_pos0.45_0.50_0.55_fact1,0.0,37.03725000002578,722,10,ID-17456,1,0.45,"[0.45, 0.5, 0.55]"
ruler,parallel_window_gpt-oss-20b,ruler_size10_pos0.45_0.50_0.55_fact2,0.0,32.3857500000031,722,10,KEY-5703-ALPHA,2,0.5,"[0.45, 0.5, 0.55]"
ruler,parallel_window_gpt-oss-20b,ruler_size10_pos0.45_0.50_0.55_fact3,0.0,31.921415999988767,722,10,12.78,3,0.55,"[0.45, 0.5, 0.55]"
ruler,parallel_window_gpt-oss-20b,ruler_size25_pos0.10_0.50_0.90_fact1,0.0,33.419083000012506,1617,25,KEY-6082-GAMMA,1,0.1,"[0.1, 0.5, 0.9]"
ruler,parallel_window_gpt-oss-20b,ruler_size25_pos0.10_0.50_0.90_fact2,0.0,102.26875000000746,1617,25,85.50,2,0.5,"[0.1, 0.5, 0.9]"
ruler,parallel_window_gpt-oss-20b,ruler_size25_pos0.10_0.50_0.90_fact3,0.0,32.58933399996522,1617,25,ID-87993,3,0.9,"[0.1, 0.5, 0.9]"
ruler,parallel_window_gpt-oss-20b,ruler_size25_pos0.20_0.40_0.60_fact1,0.0,33.388000000002194,1612,25,KEY-8355-ALPHA,1,0.2,"[0.2, 0.4, 0.6]"
ruler,parallel_window_gpt-oss-20b,ruler_size25_pos0.20_0.40_0.60_fact2,0.0,35.16920800001344,1612,25,31.39,2,0.4,"[0.2, 0.4, 0.6]"
ruler,parallel_window_gpt-oss-20b,ruler_size25_pos0.20_0.40_0.60_fact3,0.0,34.1639589999545,1612,25,KEY-4178-BETA,3,0.6,"[0.2, 0.4, 0.6]"
ruler,parallel_window_gpt-oss-20b,ruler_size25_pos0.05_0.15_0.95_fact1,0.0,41.68512500001498,1595,25,ID-51770,1,0.05,"[0.05, 0.15, 0.95]"
ruler,parallel_window_gpt-oss-20b,ruler_size25_pos0.05_0.15_0.95_fact2,0.0,29.916667000009056,1595,25,ID-95191,2,0.15,"[0.05, 0.15, 0.95]"
ruler,parallel_window_gpt-oss-20b,ruler_size25_pos0.05_0.15_0.95_fact3,0.0,30.783791999965615,1595,25,KEY-3392-ALPHA,3,0.95,"[0.05, 0.15, 0.95]"
ruler,parallel_window_gpt-oss-20b,ruler_size25_pos0.45_0.50_0.55_fact1,0.0,32.40870799999129,1624,25,KEY-1713-GAMMA,1,0.45,"[0.45, 0.5, 0.55]"
ruler,parallel_window_gpt-oss-20b,ruler_size25_pos0.45_0.50_0.55_fact2,0.0,30.927958999996008,1624,25,KEY-7116-BETA,2,0.5,"[0.45, 0.5, 0.55]"
ruler,parallel_window_gpt-oss-20b,ruler_size25_pos0.45_0.50_0.55_fact3,0.0,30.317749999994703,1624,25,3.45,3,0.55,"[0.45, 0.5, 0.55]"
ruler,parallel_window_gpt-oss-20b,ruler_size50_pos0.10_0.50_0.90_fact1,0.0,60.528000000033444,3040,50,87.56,1,0.1,"[0.1, 0.5, 0.9]"
ruler,parallel_window_gpt-oss-20b,ruler_size50_pos0.10_0.50_0.90_fact2,0.0,32.59670899996081,3040,50,ID-26545,2,0.5,"[0.1, 0.5, 0.9]"
ruler,parallel_window_gpt-oss-20b,ruler_size50_pos0.10_0.50_0.90_fact3,0.0,104.69854199999418,3040,50,ID-40932,3,0.9,"[0.1, 0.5, 0.9]"
ruler,parallel_window_gpt-oss-20b,ruler_size50_pos0.20_0.40_0.60_fact1,0.0,32.91287500002227,3065,50,ID-66704,1,0.2,"[0.2, 0.4, 0.6]"
ruler,parallel_window_gpt-oss-20b,ruler_size50_pos0.20_0.40_0.60_fact2,0.0,50.272916999972495,3065,50,8.15,2,0.4,"[0.2, 0.4, 0.6]"
ruler,parallel_window_gpt-oss-20b,ruler_size50_pos0.20_0.40_0.60_fact3,0.0,31.497209000008297,3065,50,20.38,3,0.6,"[0.2, 0.4, 0.6]"
ruler,parallel_window_gpt-oss-20b,ruler_size50_pos0.05_0.15_0.95_fact1,0.0,31.015125000010357,3047,50,ID-38199,1,0.05,"[0.05, 0.15, 0.95]"
ruler,parallel_window_gpt-oss-20b,ruler_size50_pos0.05_0.15_0.95_fact2,0.0,31.807500000013533,3047,50,46.06,2,0.15,"[0.05, 0.15, 0.95]"
ruler,parallel_window_gpt-oss-20b,ruler_size50_pos0.05_0.15_0.95_fact3,0.0,33.46699999997327,3047,50,ID-46877,3,0.95,"[0.05, 0.15, 0.95]"
ruler,parallel_window_gpt-oss-20b,ruler_size50_pos0.45_0.50_0.55_fact1,0.0,32.759417000022495,3045,50,100.78,1,0.45,"[0.45, 0.5, 0.55]"
ruler,parallel_window_gpt-oss-20b,ruler_size50_pos0.45_0.50_0.55_fact2,0.0,31.599709000033727,3045,50,KEY-2020-GAMMA,2,0.5,"[0.45, 0.5, 0.55]"
ruler,parallel_window_gpt-oss-20b,ruler_size50_pos0.45_0.50_0.55_fact3,0.0,32.193542000015896,3045,50,ID-77984,3,0.55,"[0.45, 0.5, 0.55]"
ruler,semantic_compression_gpt-oss-20b,ruler_size10_pos0.10_0.50_0.90_fact1,0.0,212.99345799997127,703,10,39.28,1,0.1,"[0.1, 0.5, 0.9]"
ruler,semantic_compression_gpt-oss-20b,ruler_size10_pos0.10_0.50_0.90_fact2,0.0,65.39795900005174,703,10,KEY-5735-GAMMA,2,0.5,"[0.1, 0.5, 0.9]"
ruler,semantic_compression_gpt-oss-20b,ruler_size10_pos0.10_0.50_0.90_fact3,0.0,63.561500000048454,703,10,ID-74094,3,0.9,"[0.1, 0.5, 0.9]"
ruler,semantic_compression_gpt-oss-20b,ruler_size10_pos0.20_0.40_0.60_fact1,0.0,61.02175000000898,734,10,KEY-5201-GAMMA,1,0.2,"[0.2, 0.4, 0.6]"
ruler,semantic_compression_gpt-oss-20b,ruler_size10_pos0.20_0.40_0.60_fact2,0.0,67.39833400001771,734,10,KEY-4505-ALPHA,2,0.4,"[0.2, 0.4, 0.6]"
ruler,semantic_compression_gpt-oss-20b,ruler_size10_pos0.20_0.40_0.60_fact3,0.0,68.25516600002857,734,10,35.71,3,0.6,"[0.2, 0.4, 0.6]"
ruler,semantic_compression_gpt-oss-20b,ruler_size10_pos0.05_0.15_0.95_fact1,0.0,63.32858299998634,734,10,21.52,1,0.05,"[0.05, 0.15, 0.95]"
ruler,semantic_compression_gpt-oss-20b,ruler_size10_pos0.05_0.15_0.95_fact2,0.0,132.99999999998136,734,10,61.61,2,0.15,"[0.05, 0.15, 0.95]"
ruler,semantic_compression_gpt-oss-20b,ruler_size10_pos0.05_0.15_0.95_fact3,0.0,65.20433299999695,734,10,26.96,3,0.95,"[0.05, 0.15, 0.95]"
ruler,semantic_compression_gpt-oss-20b,ruler_size10_pos0.45_0.50_0.55_fact1,0.0,63.75120899997455,768,10,KEY-4052-GAMMA,1,0.45,"[0.45, 0.5, 0.55]"
ruler,semantic_compression_gpt-oss-20b,ruler_size10_pos0.45_0.50_0.55_fact2,0.0,60.798665999982404,768,10,KEY-1613-ALPHA,2,0.5,"[0.45, 0.5, 0.55]"
ruler,semantic_compression_gpt-oss-20b,ruler_size10_pos0.45_0.50_0.55_fact3,0.0,65.91854099997363,768,10,KEY-2758-BETA,3,0.55,"[0.45, 0.5, 0.55]"
ruler,semantic_compression_gpt-oss-20b,ruler_size25_pos0.10_0.50_0.90_fact1,0.0,505.9134170000448,1572,25,93.73,1,0.1,"[0.1, 0.5, 0.9]"
ruler,semantic_compression_gpt-oss-20b,ruler_size25_pos0.10_0.50_0.90_fact2,0.0,63.1254580000018,1572,25,ID-44282,2,0.5,"[0.1, 0.5, 0.9]"
ruler,semantic_compression_gpt-oss-20b,ruler_size25_pos0.10_0.50_0.90_fact3,0.0,60.7830829999898,1572,25,47.88,3,0.9,"[0.1, 0.5, 0.9]"
ruler,semantic_compression_gpt-oss-20b,ruler_size25_pos0.20_0.40_0.60_fact1,0.0,64.63383400000566,1580,25,ID-69432,1,0.2,"[0.2, 0.4, 0.6]"
ruler,semantic_compression_gpt-oss-20b,ruler_size25_pos0.20_0.40_0.60_fact2,0.0,133.79170899997916,1580,25,ID-77272,2,0.4,"[0.2, 0.4, 0.6]"
ruler,semantic_compression_gpt-oss-20b,ruler_size25_pos0.20_0.40_0.60_fact3,0.0,67.41258299996389,1580,25,KEY-8484-GAMMA,3,0.6,"[0.2, 0.4, 0.6]"
ruler,semantic_compression_gpt-oss-20b,ruler_size25_pos0.05_0.15_0.95_fact1,0.0,65.34525000000713,1642,25,ID-10455,1,0.05,"[0.05, 0.15, 0.95]"
ruler,semantic_compression_gpt-oss-20b,ruler_size25_pos0.05_0.15_0.95_fact2,0.0,60.531375000039134,1642,25,ID-49107,2,0.15,"[0.05, 0.15, 0.95]"
ruler,semantic_compression_gpt-oss-20b,ruler_size25_pos0.05_0.15_0.95_fact3,0.0,65.48716600002535,1642,25,KEY-9920-BETA,3,0.95,"[0.05, 0.15, 0.95]"
ruler,semantic_compression_gpt-oss-20b,ruler_size25_pos0.45_0.50_0.55_fact1,0.0,64.69583400001966,1622,25,55.71,1,0.45,"[0.45, 0.5, 0.55]"
ruler,semantic_compression_gpt-oss-20b,ruler_size25_pos0.45_0.50_0.55_fact2,0.0,63.426416999959656,1622,25,KEY-1768-BETA,2,0.5,"[0.45, 0.5, 0.55]"
ruler,semantic_compression_gpt-oss-20b,ruler_size25_pos0.45_0.50_0.55_fact3,0.0,139.9506669999937,1622,25,86.48,3,0.55,"[0.45, 0.5, 0.55]"
ruler,semantic_compression_gpt-oss-20b,ruler_size50_pos0.10_0.50_0.90_fact1,0.0,64.48149999999941,2980,50,ID-75444,1,0.1,"[0.1, 0.5, 0.9]"
ruler,semantic_compression_gpt-oss-20b,ruler_size50_pos0.10_0.50_0.90_fact2,0.0,64.81591700003264,2980,50,84.87,2,0.5,"[0.1, 0.5, 0.9]"
ruler,semantic_compression_gpt-oss-20b,ruler_size50_pos0.10_0.50_0.90_fact3,0.0,62.41075000002638,2980,50,KEY-5216-BETA,3,0.9,"[0.1, 0.5, 0.9]"
ruler,semantic_compression_gpt-oss-20b,ruler_size50_pos0.20_0.40_0.60_fact1,0.0,64.07941599997002,3081,50,ID-99709,1,0.2,"[0.2, 0.4, 0.6]"
ruler,semantic_compression_gpt-oss-20b,ruler_size50_pos0.20_0.40_0.60_fact2,0.0,64.10212500003354,3081,50,KEY-9897-GAMMA,2,0.4,"[0.2, 0.4, 0.6]"
ruler,semantic_compression_gpt-oss-20b,ruler_size50_pos0.20_0.40_0.60_fact3,0.0,62.93495900001744,3081,50,5.22,3,0.6,"[0.2, 0.4, 0.6]"
ruler,semantic_compression_gpt-oss-20b,ruler_size50_pos0.05_0.15_0.95_fact1,0.0,135.1900839999871,3011,50,ID-45247,1,0.05,"[0.05, 0.15, 0.95]"
ruler,semantic_compression_gpt-oss-20b,ruler_size50_pos0.05_0.15_0.95_fact2,0.0,62.719709000020885,3011,50,KEY-5397-BETA,2,0.15,"[0.05, 0.15, 0.95]"
ruler,semantic_compression_gpt-oss-20b,ruler_size50_pos0.05_0.15_0.95_fact3,0.0,62.560084000040206,3011,50,ID-18292,3,0.95,"[0.05, 0.15, 0.95]"
ruler,semantic_compression_gpt-oss-20b,ruler_size50_pos0.45_0.50_0.55_fact1,0.0,61.81662500000584,2974,50,KEY-8052-ALPHA,1,0.45,"[0.45, 0.5, 0.55]"
ruler,semantic_compression_gpt-oss-20b,ruler_size50_pos0.45_0.50_0.55_fact2,0.0,60.01754100003609,2974,50,ID-22924,2,0.5,"[0.45, 0.5, 0.55]"
ruler,semantic_compression_gpt-oss-20b,ruler_size50_pos0.45_0.50_0.55_fact3,0.0,62.85229100001288,2974,50,KEY-4637-GAMMA,3,0.55,"[0.45, 0.5, 0.55]"
ruler,rig_gpt-oss-20b,ruler_size10_pos0.10_0.50_0.90_fact1,0.0,4106.341794000002,750,10,KEY-4389-GAMMA,1,0.1,"[0.1, 0.5, 0.9]"
ruler,rig_gpt-oss-20b,ruler_size10_pos0.10_0.50_0.90_fact2,0.0,107.85070899999027,750,10,KEY-6706-BETA,2,0.5,"[0.1, 0.5, 0.9]"
ruler,rig_gpt-oss-20b,ruler_size10_pos0.10_0.50_0.90_fact3,0.0,161.44533400000682,750,10,ID-67431,3,0.9,"[0.1, 0.5, 0.9]"
ruler,rig_gpt-oss-20b,ruler_size10_pos0.20_0.40_0.60_fact1,0.0,110.76879099999815,768,10,55.59,1,0.2,"[0.2, 0.4, 0.6]"
ruler,rig_gpt-oss-20b,ruler_size10_pos0.20_0.40_0.60_fact2,0.0,101.22974999995904,768,10,ID-63090,2,0.4,"[0.2, 0.4, 0.6]"
ruler,rig_gpt-oss-20b,ruler_size10_pos0.20_0.40_0.60_fact3,0.0,95.20387499998151,768,10,24.23,3,0.6,"[0.2, 0.4, 0.6]"
ruler,rig_gpt-oss-20b,ruler_size10_pos0.05_0.15_0.95_fact1,0.0,102.49983400001383,742,10,KEY-4228-BETA,1,0.05,"[0.05, 0.15, 0.95]"
ruler,rig_gpt-oss-20b,ruler_size10_pos0.05_0.15_0.95_fact2,0.0,137.93933300001981,742,10,ID-44387,2,0.15,"[0.05, 0.15, 0.95]"
ruler,rig_gpt-oss-20b,ruler_size10_pos0.05_0.15_0.95_fact3,0.0,110.84595900001659,742,10,63.67,3,0.95,"[0.05, 0.15, 0.95]"
ruler,rig_gpt-oss-20b,ruler_size10_pos0.45_0.50_0.55_fact1,0.0,101.32454099999677,738,10,ID-41270,1,0.45,"[0.45, 0.5, 0.55]"
ruler,rig_gpt-oss-20b,ruler_size10_pos0.45_0.50_0.55_fact2,0.0,93.9294589999804,738,10,KEY-2916-ALPHA,2,0.5,"[0.45, 0.5, 0.55]"
ruler,rig_gpt-oss-20b,ruler_size10_pos0.45_0.50_0.55_fact3,0.0,84.70745800002533,738,10,KEY-3316-GAMMA,3,0.55,"[0.45, 0.5, 0.55]"
ruler,rig_gpt-oss-20b,ruler_size25_pos0.10_0.50_0.90_fact1,0.0,132.7067500000112,1639,25,15.73,1,0.1,"[0.1, 0.5, 0.9]"
ruler,rig_gpt-oss-20b,ruler_size25_pos0.10_0.50_0.90_fact2,0.0,103.46775000004982,1639,25,ID-45112,2,0.5,"[0.1, 0.5, 0.9]"
ruler,rig_gpt-oss-20b,ruler_size25_pos0.10_0.50_0.90_fact3,0.0,89.19554200002722,1639,25,47.69,3,0.9,"[0.1, 0.5, 0.9]"
ruler,rig_gpt-oss-20b,ruler_size25_pos0.20_0.40_0.60_fact1,0.0,79.01791700004424,1615,25,ID-42725,1,0.2,"[0.2, 0.4, 0.6]"
ruler,rig_gpt-oss-20b,ruler_size25_pos0.20_0.40_0.60_fact2,0.0,80.04024999996773,1615,25,ID-52217,2,0.4,"[0.2, 0.4, 0.6]"
ruler,rig_gpt-oss-20b,ruler_size25_pos0.20_0.40_0.60_fact3,0.0,173.37654100003874,1615,25,ID-98635,3,0.6,"[0.2, 0.4, 0.6]"
ruler,rig_gpt-oss-20b,ruler_size25_pos0.05_0.15_0.95_fact1,0.0,107.97670799996695,1595,25,ID-30707,1,0.05,"[0.05, 0.15, 0.95]"
ruler,rig_gpt-oss-20b,ruler_size25_pos0.05_0.15_0.95_fact2,0.0,83.17320799994832,1595,25,KEY-8479-ALPHA,2,0.15,"[0.05, 0.15, 0.95]"
ruler,rig_gpt-oss-20b,ruler_size25_pos0.05_0.15_0.95_fact3,0.0,77.5484999999776,1595,25,KEY-4314-GAMMA,3,0.95,"[0.05, 0.15, 0.95]"
ruler,rig_gpt-oss-20b,ruler_size25_pos0.45_0.50_0.55_fact1,0.0,85.83724999999731,1618,25,KEY-3181-GAMMA,1,0.45,"[0.45, 0.5, 0.55]"
ruler,rig_gpt-oss-20b,ruler_size25_pos0.45_0.50_0.55_fact2,0.0,162.36600000002,1618,25,19.08,2,0.5,"[0.45, 0.5, 0.55]"
ruler,rig_gpt-oss-20b,ruler_size25_pos0.45_0.50_0.55_fact3,0.0,85.52183299997296,1618,25,73.01,3,0.55,"[0.45, 0.5, 0.55]"
ruler,rig_gpt-oss-20b,ruler_size50_pos0.10_0.50_0.90_fact1,0.0,102.97383400001081,3048,50,KEY-1901-BETA,1,0.1,"[0.1, 0.5, 0.9]"
ruler,rig_gpt-oss-20b,ruler_size50_pos0.10_0.50_0.90_fact2,0.0,99.16787499997781,3048,50,95.84,2,0.5,"[0.1, 0.5, 0.9]"
ruler,rig_gpt-oss-20b,ruler_size50_pos0.10_0.50_0.90_fact3,0.0,95.61391699998012,3048,50,23.15,3,0.9,"[0.1, 0.5, 0.9]"
ruler,rig_gpt-oss-20b,ruler_size50_pos0.20_0.40_0.60_fact1,0.0,147.31670899999472,3072,50,KEY-1391-ALPHA,1,0.2,"[0.2, 0.4, 0.6]"
ruler,rig_gpt-oss-20b,ruler_size50_pos0.20_0.40_0.60_fact2,0.0,100.88162499999953,3072,50,45.81,2,0.4,"[0.2, 0.4, 0.6]"
ruler,rig_gpt-oss-20b,ruler_size50_pos0.20_0.40_0.60_fact3,0.0,89.5315419999747,3072,50,2.42,3,0.6,"[0.2, 0.4, 0.6]"
ruler,rig_gpt-oss-20b,ruler_size50_pos0.05_0.15_0.95_fact1,0.0,96.10324999999875,3033,50,ID-25919,1,0.05,"[0.05, 0.15, 0.95]"
ruler,rig_gpt-oss-20b,ruler_size50_pos0.05_0.15_0.95_fact2,0.0,90.62483299999258,3033,50,ID-18083,2,0.15,"[0.05, 0.15, 0.95]"
ruler,rig_gpt-oss-20b,ruler_size50_pos0.05_0.15_0.95_fact3,0.0,148.3990419999941,3033,50,ID-27133,3,0.95,"[0.05, 0.15, 0.95]"
ruler,rig_gpt-oss-20b,ruler_size50_pos0.45_0.50_0.55_fact1,0.0,103.38808300002711,3008,50,46.72,1,0.45,"[0.45, 0.5, 0.55]"
ruler,rig_gpt-oss-20b,ruler_size50_pos0.45_0.50_0.55_fact2,0.0,122.79558400001633,3008,50,19.72,2,0.5,"[0.45, 0.5, 0.55]"
ruler,rig_gpt-oss-20b,ruler_size50_pos0.45_0.50_0.55_fact3,0.0,112.97895799998514,3008,50,ID-74517,3,0.55,"[0.45, 0.5, 0.55]"
ruler,raw_llama3.1-8b,ruler_size10_pos0.10_0.50_0.90_fact1,1.0,306.5023330000258,740,10,90.69,1,0.1,"[0.1, 0.5, 0.9]"
ruler,raw_llama3.1-8b,ruler_size10_pos0.10_0.50_0.90_fact2,1.0,231.967582999971,740,10,KEY-4611-BETA,2,0.5,"[0.1, 0.5, 0.9]"
ruler,raw_llama3.1-8b,ruler_size10_pos0.10_0.50_0.90_fact3,1.0,224.52770899997176,740,10,36.00,3,0.9,"[0.1, 0.5, 0.9]"
ruler,raw_llama3.1-8b,ruler_size10_pos0.20_0.40_0.60_fact1,1.0,328.4443750000037,742,10,KEY-9785-ALPHA,1,0.2,"[0.2, 0.4, 0.6]"
ruler,raw_llama3.1-8b,ruler_size10_pos0.20_0.40_0.60_fact2,1.0,277.99604199998385,742,10,KEY-2291-GAMMA,2,0.4,"[0.2, 0.4, 0.6]"
ruler,raw_llama3.1-8b,ruler_size10_pos0.20_0.40_0.60_fact3,1.0,223.51145899995117,742,10,KEY-6925-GAMMA,3,0.6,"[0.2, 0.4, 0.6]"
ruler,raw_llama3.1-8b,ruler_size10_pos0.05_0.15_0.95_fact1,1.0,346.7071670000337,712,10,KEY-2169-GAMMA,1,0.05,"[0.05, 0.15, 0.95]"
ruler,raw_llama3.1-8b,ruler_size10_pos0.05_0.15_0.95_fact2,1.0,3267.6920850000215,712,10,22.68,2,0.15,"[0.05, 0.15, 0.95]"
ruler,raw_llama3.1-8b,ruler_size10_pos0.05_0.15_0.95_fact3,1.0,7473.437212000022,712,10,32.20,3,0.95,"[0.05, 0.15, 0.95]"
ruler,raw_llama3.1-8b,ruler_size10_pos0.45_0.50_0.55_fact1,1.0,231.4885419999655,715,10,64.50,1,0.45,"[0.45, 0.5, 0.55]"
ruler,raw_llama3.1-8b,ruler_size10_pos0.45_0.50_0.55_fact2,1.0,1476.2098340000307,715,10,59.18,2,0.5,"[0.45, 0.5, 0.55]"
ruler,raw_llama3.1-8b,ruler_size10_pos0.45_0.50_0.55_fact3,1.0,2401.3459600000147,715,10,KEY-3287-ALPHA,3,0.55,"[0.45, 0.5, 0.55]"
ruler,raw_llama3.1-8b,ruler_size25_pos0.10_0.50_0.90_fact1,1.0,5378.762669000025,1625,25,KEY-3646-GAMMA,1,0.1,"[0.1, 0.5, 0.9]"
ruler,raw_llama3.1-8b,ruler_size25_pos0.10_0.50_0.90_fact2,1.0,5472.147210000003,1625,25,1.76,2,0.5,"[0.1, 0.5, 0.9]"
ruler,raw_llama3.1-8b,ruler_size25_pos0.10_0.50_0.90_fact3,1.0,4365.520960999958,1625,25,KEY-9005-ALPHA,3,0.9,"[0.1, 0.5, 0.9]"
ruler,raw_llama3.1-8b,ruler_size25_pos0.20_0.40_0.60_fact1,1.0,5451.039169000012,1627,25,KEY-2160-GAMMA,1,0.2,"[0.2, 0.4, 0.6]"
ruler,raw_llama3.1-8b,ruler_size25_pos0.20_0.40_0.60_fact2,1.0,6307.680502999972,1627,25,ID-46500,2,0.4,"[0.2, 0.4, 0.6]"
ruler,raw_llama3.1-8b,ruler_size25_pos0.20_0.40_0.60_fact3,1.0,4382.303209999975,1627,25,63.27,3,0.6,"[0.2, 0.4, 0.6]"
ruler,raw_llama3.1-8b,ruler_size25_pos0.05_0.15_0.95_fact1,1.0,5324.847503000001,1595,25,KEY-1960-ALPHA,1,0.05,"[0.05, 0.15, 0.95]"
ruler,raw_llama3.1-8b,ruler_size25_pos0.05_0.15_0.95_fact2,1.0,5486.000085000001,1595,25,KEY-1035-BETA,2,0.15,"[0.05, 0.15, 0.95]"
ruler,raw_llama3.1-8b,ruler_size25_pos0.05_0.15_0.95_fact3,1.0,5539.786794000009,1595,25,KEY-8454-BETA,3,0.95,"[0.05, 0.15, 0.95]"
ruler,raw_llama3.1-8b,ruler_size25_pos0.45_0.50_0.55_fact1,1.0,4298.887334999961,1618,25,ID-11220,1,0.45,"[0.45, 0.5, 0.55]"
ruler,raw_llama3.1-8b,ruler_size25_pos0.45_0.50_0.55_fact2,1.0,5476.157585999999,1618,25,KEY-2638-ALPHA,2,0.5,"[0.45, 0.5, 0.55]"
ruler,raw_llama3.1-8b,ruler_size25_pos0.45_0.50_0.55_fact3,1.0,5423.931044999961,1618,25,28.64,3,0.55,"[0.45, 0.5, 0.55]"
ruler,raw_llama3.1-8b,ruler_size50_pos0.10_0.50_0.90_fact1,1.0,8812.293627999963,3115,50,14.48,1,0.1,"[0.1, 0.5, 0.9]"
ruler,raw_llama3.1-8b,ruler_size50_pos0.10_0.50_0.90_fact2,1.0,8840.98858699997,3115,50,ID-71694,2,0.5,"[0.1, 0.5, 0.9]"
ruler,raw_llama3.1-8b,ruler_size50_pos0.10_0.50_0.90_fact3,1.0,8869.105421000086,3115,50,ID-36158,3,0.9,"[0.1, 0.5, 0.9]"
ruler,raw_llama3.1-8b,ruler_size50_pos0.20_0.40_0.60_fact1,1.0,8341.771461999997,2985,50,99.09,1,0.2,"[0.2, 0.4, 0.6]"
ruler,raw_llama3.1-8b,ruler_size50_pos0.20_0.40_0.60_fact2,1.0,8411.026837999998,2985,50,KEY-7790-GAMMA,2,0.4,"[0.2, 0.4, 0.6]"
ruler,raw_llama3.1-8b,ruler_size50_pos0.20_0.40_0.60_fact3,1.0,9512.498128999938,2985,50,25.91,3,0.6,"[0.2, 0.4, 0.6]"
ruler,raw_llama3.1-8b,ruler_size50_pos0.05_0.15_0.95_fact1,1.0,8484.354212000086,3011,50,KEY-3091-GAMMA,1,0.05,"[0.05, 0.15, 0.95]"
ruler,raw_llama3.1-8b,ruler_size50_pos0.05_0.15_0.95_fact2,1.0,8587.56346200005,3011,50,4.50,2,0.15,"[0.05, 0.15, 0.95]"
ruler,raw_llama3.1-8b,ruler_size50_pos0.05_0.15_0.95_fact3,1.0,9538.898463000009,3011,50,73.84,3,0.95,"[0.05, 0.15, 0.95]"
ruler,raw_llama3.1-8b,ruler_size50_pos0.45_0.50_0.55_fact1,1.0,8389.913254000021,3043,50,ID-46559,1,0.45,"[0.45, 0.5, 0.55]"
ruler,raw_llama3.1-8b,ruler_size50_pos0.45_0.50_0.55_fact2,1.0,8515.057920000003,3043,50,KEY-4995-BETA,2,0.5,"[0.45, 0.5, 0.55]"
ruler,raw_llama3.1-8b,ruler_size50_pos0.45_0.50_0.55_fact3,1.0,8349.803129000065,3043,50,79.85,3,0.55,"[0.45, 0.5, 0.55]"
ruler,sliding_window_llama3.1-8b,ruler_size10_pos0.10_0.50_0.90_fact1,1.0,3414.2958349999617,717,10,ID-63271,1,0.1,"[0.1, 0.5, 0.9]"
ruler,sliding_window_llama3.1-8b,ruler_size10_pos0.10_0.50_0.90_fact2,1.0,2273.017459000016,717,10,KEY-4937-GAMMA,2,0.5,"[0.1, 0.5, 0.9]"
ruler,sliding_window_llama3.1-8b,ruler_size10_pos0.10_0.50_0.90_fact3,1.0,3335.4276679999657,717,10,KEY-9041-BETA,3,0.9,"[0.1, 0.5, 0.9]"
ruler,sliding_window_llama3.1-8b,ruler_size10_pos0.20_0.40_0.60_fact1,0.0,2265.1702090000754,698,10,25.40,1,0.2,"[0.2, 0.4, 0.6]"
ruler,sliding_window_llama3.1-8b,ruler_size10_pos0.20_0.40_0.60_fact2,1.0,3428.2503350000297,698,10,ID-80236,2,0.4,"[0.2, 0.4, 0.6]"
ruler,sliding_window_llama3.1-8b,ruler_size10_pos0.20_0.40_0.60_fact3,1.0,2523.3020010000473,698,10,24.24,3,0.6,"[0.2, 0.4, 0.6]"
ruler,sliding_window_llama3.1-8b,ruler_size10_pos0.05_0.15_0.95_fact1,1.0,3322.885584000005,756,10,KEY-3068-GAMMA,1,0.05,"[0.05, 0.15, 0.95]"
ruler,sliding_window_llama3.1-8b,ruler_size10_pos0.05_0.15_0.95_fact2,1.0,2253.816583999992,756,10,KEY-2680-ALPHA,2,0.15,"[0.05, 0.15, 0.95]"
ruler,sliding_window_llama3.1-8b,ruler_size10_pos0.05_0.15_0.95_fact3,1.0,3354.4754589999,756,10,37.60,3,0.95,"[0.05, 0.15, 0.95]"
ruler,sliding_window_llama3.1-8b,ruler_size10_pos0.45_0.50_0.55_fact1,1.0,2260.481917999982,738,10,98.53,1,0.45,"[0.45, 0.5, 0.55]"
ruler,sliding_window_llama3.1-8b,ruler_size10_pos0.45_0.50_0.55_fact2,1.0,3456.5835839999863,738,10,77.79,2,0.5,"[0.45, 0.5, 0.55]"
ruler,sliding_window_llama3.1-8b,ruler_size10_pos0.45_0.50_0.55_fact3,1.0,2299.26879300001,738,10,ID-78494,3,0.55,"[0.45, 0.5, 0.55]"
ruler,sliding_window_llama3.1-8b,ruler_size25_pos0.10_0.50_0.90_fact1,1.0,5309.0378780000265,1603,25,ID-31747,1,0.1,"[0.1, 0.5, 0.9]"
ruler,sliding_window_llama3.1-8b,ruler_size25_pos0.10_0.50_0.90_fact2,1.0,5372.838503000025,1603,25,KEY-5728-BETA,2,0.5,"[0.1, 0.5, 0.9]"
ruler,sliding_window_llama3.1-8b,ruler_size25_pos0.10_0.50_0.90_fact3,1.0,5478.441960000055,1603,25,ID-71433,3,0.9,"[0.1, 0.5, 0.9]"
ruler,sliding_window_llama3.1-8b,ruler_size25_pos0.20_0.40_0.60_fact1,1.0,4323.352918000069,1604,25,52.97,1,0.2,"[0.2, 0.4, 0.6]"
ruler,sliding_window_llama3.1-8b,ruler_size25_pos0.20_0.40_0.60_fact2,1.0,5331.984669999997,1604,25,5.58,2,0.4,"[0.2, 0.4, 0.6]"
ruler,sliding_window_llama3.1-8b,ruler_size25_pos0.20_0.40_0.60_fact3,1.0,5314.149003000011,1604,25,ID-51224,3,0.6,"[0.2, 0.4, 0.6]"
ruler,sliding_window_llama3.1-8b,ruler_size25_pos0.05_0.15_0.95_fact1,1.0,5434.966168999949,1637,25,KEY-8736-ALPHA,1,0.05,"[0.05, 0.15, 0.95]"
ruler,sliding_window_llama3.1-8b,ruler_size25_pos0.05_0.15_0.95_fact2,1.0,4352.197002000025,1637,25,KEY-3369-BETA,2,0.15,"[0.05, 0.15, 0.95]"
ruler,sliding_window_llama3.1-8b,ruler_size25_pos0.05_0.15_0.95_fact3,1.0,5418.695377000063,1637,25,ID-88561,3,0.95,"[0.05, 0.15, 0.95]"
ruler,sliding_window_llama3.1-8b,ruler_size25_pos0.45_0.50_0.55_fact1,1.0,5594.914170000038,1578,25,19.52,1,0.45,"[0.45, 0.5, 0.55]"
ruler,sliding_window_llama3.1-8b,ruler_size25_pos0.45_0.50_0.55_fact2,1.0,4294.784418999939,1578,25,20.09,2,0.5,"[0.45, 0.5, 0.55]"
ruler,sliding_window_llama3.1-8b,ruler_size25_pos0.45_0.50_0.55_fact3,1.0,5443.872795000061,1578,25,KEY-5342-BETA,3,0.55,"[0.45, 0.5, 0.55]"
ruler,sliding_window_llama3.1-8b,ruler_size50_pos0.10_0.50_0.90_fact1,1.0,8453.730711999924,3035,50,ID-89569,1,0.1,"[0.1, 0.5, 0.9]"
ruler,sliding_window_llama3.1-8b,ruler_size50_pos0.10_0.50_0.90_fact2,1.0,8461.39487800008,3035,50,KEY-4588-GAMMA,2,0.5,"[0.1, 0.5, 0.9]"
ruler,sliding_window_llama3.1-8b,ruler_size50_pos0.10_0.50_0.90_fact3,1.0,9437.872629000027,3035,50,ID-91381,3,0.9,"[0.1, 0.5, 0.9]"
ruler,sliding_window_llama3.1-8b,ruler_size50_pos0.20_0.40_0.60_fact1,1.0,8516.380503999926,3032,50,KEY-8285-ALPHA,1,0.2,"[0.2, 0.4, 0.6]"
ruler,sliding_window_llama3.1-8b,ruler_size50_pos0.20_0.40_0.60_fact2,1.0,8522.443586999998,3032,50,KEY-2627-GAMMA,2,0.4,"[0.2, 0.4, 0.6]"
ruler,sliding_window_llama3.1-8b,ruler_size50_pos0.20_0.40_0.60_fact3,1.0,9639.938336999989,3032,50,KEY-9920-GAMMA,3,0.6,"[0.2, 0.4, 0.6]"
ruler,sliding_window_llama3.1-8b,ruler_size50_pos0.05_0.15_0.95_fact1,1.0,8459.02417000002,3073,50,KEY-2557-BETA,1,0.05,"[0.05, 0.15, 0.95]"
ruler,sliding_window_llama3.1-8b,ruler_size50_pos0.05_0.15_0.95_fact2,1.0,9388.034379000033,3073,50,KEY-6120-GAMMA,2,0.15,"[0.05, 0.15, 0.95]"
ruler,sliding_window_llama3.1-8b,ruler_size50_pos0.05_0.15_0.95_fact3,1.0,8508.482253000011,3073,50,KEY-7132-ALPHA,3,0.95,"[0.05, 0.15, 0.95]"
ruler,sliding_window_llama3.1-8b,ruler_size50_pos0.45_0.50_0.55_fact1,1.0,9639.656962999994,3057,50,40.05,1,0.45,"[0.45, 0.5, 0.55]"
ruler,sliding_window_llama3.1-8b,ruler_size50_pos0.45_0.50_0.55_fact2,1.0,8496.431087000019,3057,50,ID-61807,2,0.5,"[0.45, 0.5, 0.55]"
ruler,sliding_window_llama3.1-8b,ruler_size50_pos0.45_0.50_0.55_fact3,1.0,8466.499878000035,3057,50,8.00,3,0.55,"[0.45, 0.5, 0.55]"
ruler,parallel_window_llama3.1-8b,ruler_size10_pos0.10_0.50_0.90_fact1,1.0,2344.743167000047,718,10,KEY-1693-BETA,1,0.1,"[0.1, 0.5, 0.9]"
ruler,parallel_window_llama3.1-8b,ruler_size10_pos0.10_0.50_0.90_fact2,1.0,3347.6528350000763,718,10,ID-70260,2,0.5,"[0.1, 0.5, 0.9]"
ruler,parallel_window_llama3.1-8b,ruler_size10_pos0.10_0.50_0.90_fact3,1.0,2459.5404590000953,718,10,ID-51033,3,0.9,"[0.1, 0.5, 0.9]"
ruler,parallel_window_llama3.1-8b,ruler_size10_pos0.20_0.40_0.60_fact1,1.0,3305.6177509999998,714,10,KEY-7560-GAMMA,1,0.2,"[0.2, 0.4, 0.6]"
ruler,parallel_window_llama3.1-8b,ruler_size10_pos0.20_0.40_0.60_fact2,1.0,2446.736918000056,714,10,ID-61873,2,0.4,"[0.2, 0.4, 0.6]"
ruler,parallel_window_llama3.1-8b,ruler_size10_pos0.20_0.40_0.60_fact3,1.0,3585.70208499998,714,10,KEY-6562-ALPHA,3,0.6,"[0.2, 0.4, 0.6]"
ruler,parallel_window_llama3.1-8b,ruler_size10_pos0.05_0.15_0.95_fact1,1.0,2245.038000999898,763,10,10.22,1,0.05,"[0.05, 0.15, 0.95]"
ruler,parallel_window_llama3.1-8b,ruler_size10_pos0.05_0.15_0.95_fact2,1.0,3378.3312520000663,763,10,64.59,2,0.15,"[0.05, 0.15, 0.95]"
ruler,parallel_window_llama3.1-8b,ruler_size10_pos0.05_0.15_0.95_fact3,1.0,2499.5195430000194,763,10,98.74,3,0.95,"[0.05, 0.15, 0.95]"
ruler,parallel_window_llama3.1-8b,ruler_size10_pos0.45_0.50_0.55_fact1,1.0,3345.5735430000004,722,10,ID-17456,1,0.45,"[0.45, 0.5, 0.55]"
ruler,parallel_window_llama3.1-8b,ruler_size10_pos0.45_0.50_0.55_fact2,1.0,2422.2175419999985,722,10,KEY-5703-ALPHA,2,0.5,"[0.45, 0.5, 0.55]"
ruler,parallel_window_llama3.1-8b,ruler_size10_pos0.45_0.50_0.55_fact3,1.0,2312.937626000007,722,10,12.78,3,0.55,"[0.45, 0.5, 0.55]"
ruler,parallel_window_llama3.1-8b,ruler_size25_pos0.10_0.50_0.90_fact1,1.0,5301.963543999932,1617,25,KEY-6082-GAMMA,1,0.1,"[0.1, 0.5, 0.9]"
ruler,parallel_window_llama3.1-8b,ruler_size25_pos0.10_0.50_0.90_fact2,1.0,5306.892752999943,1617,25,85.50,2,0.5,"[0.1, 0.5, 0.9]"
ruler,parallel_window_llama3.1-8b,ruler_size25_pos0.10_0.50_0.90_fact3,1.0,5442.07308600005,1617,25,ID-87993,3,0.9,"[0.1, 0.5, 0.9]"
ruler,parallel_window_llama3.1-8b,ruler_size25_pos0.20_0.40_0.60_fact1,1.0,4289.961084999959,1612,25,KEY-8355-ALPHA,1,0.2,"[0.2, 0.4, 0.6]"
ruler,parallel_window_llama3.1-8b,ruler_size25_pos0.20_0.40_0.60_fact2,1.0,5552.346876999991,1612,25,31.39,2,0.4,"[0.2, 0.4, 0.6]"
ruler,parallel_window_llama3.1-8b,ruler_size25_pos0.20_0.40_0.60_fact3,1.0,6043.506378000075,1612,25,KEY-4178-BETA,3,0.6,"[0.2, 0.4, 0.6]"
ruler,parallel_window_llama3.1-8b,ruler_size25_pos0.05_0.15_0.95_fact1,1.0,4460.143919000075,1595,25,ID-51770,1,0.05,"[0.05, 0.15, 0.95]"
ruler,parallel_window_llama3.1-8b,ruler_size25_pos0.05_0.15_0.95_fact2,1.0,4440.581003000034,1595,25,ID-95191,2,0.15,"[0.05, 0.15, 0.95]"
ruler,parallel_window_llama3.1-8b,ruler_size25_pos0.05_0.15_0.95_fact3,1.0,5522.996878000072,1595,25,KEY-3392-ALPHA,3,0.95,"[0.05, 0.15, 0.95]"
ruler,parallel_window_llama3.1-8b,ruler_size25_pos0.45_0.50_0.55_fact1,1.0,5414.1924609999705,1624,25,KEY-1713-GAMMA,1,0.45,"[0.45, 0.5, 0.55]"
ruler,parallel_window_llama3.1-8b,ruler_size25_pos0.45_0.50_0.55_fact2,1.0,5428.138628000056,1624,25,KEY-7116-BETA,2,0.5,"[0.45, 0.5, 0.55]"
ruler,parallel_window_llama3.1-8b,ruler_size25_pos0.45_0.50_0.55_fact3,1.0,4365.9619190000285,1624,25,3.45,3,0.55,"[0.45, 0.5, 0.55]"
ruler,parallel_window_llama3.1-8b,ruler_size50_pos0.10_0.50_0.90_fact1,1.0,10094.496755000022,3040,50,87.56,1,0.1,"[0.1, 0.5, 0.9]"
ruler,parallel_window_llama3.1-8b,ruler_size50_pos0.10_0.50_0.90_fact2,1.0,7348.122170000011,3040,50,ID-26545,2,0.5,"[0.1, 0.5, 0.9]"
ruler,parallel_window_llama3.1-8b,ruler_size50_pos0.10_0.50_0.90_fact3,1.0,8401.949044999925,3040,50,ID-40932,3,0.9,"[0.1, 0.5, 0.9]"
ruler,parallel_window_llama3.1-8b,ruler_size50_pos0.20_0.40_0.60_fact1,1.0,9369.595962999938,3065,50,ID-66704,1,0.2,"[0.2, 0.4, 0.6]"
ruler,parallel_window_llama3.1-8b,ruler_size50_pos0.20_0.40_0.60_fact2,1.0,8648.035046000019,3065,50,8.15,2,0.4,"[0.2, 0.4, 0.6]"
ruler,parallel_window_llama3.1-8b,ruler_size50_pos0.20_0.40_0.60_fact3,1.0,8454.567461999999,3065,50,20.38,3,0.6,"[0.2, 0.4, 0.6]"
ruler,parallel_window_llama3.1-8b,ruler_size50_pos0.05_0.15_0.95_fact1,1.0,9389.966546000096,3047,50,ID-38199,1,0.05,"[0.05, 0.15, 0.95]"
ruler,parallel_window_llama3.1-8b,ruler_size50_pos0.05_0.15_0.95_fact2,1.0,8417.174295999985,3047,50,46.06,2,0.15,"[0.05, 0.15, 0.95]"
ruler,parallel_window_llama3.1-8b,ruler_size50_pos0.05_0.15_0.95_fact3,1.0,9129.07475499992,3047,50,ID-46877,3,0.95,"[0.05, 0.15, 0.95]"
ruler,parallel_window_llama3.1-8b,ruler_size50_pos0.45_0.50_0.55_fact1,1.0,8395.091586999912,3045,50,100.78,1,0.45,"[0.45, 0.5, 0.55]"
ruler,parallel_window_llama3.1-8b,ruler_size50_pos0.45_0.50_0.55_fact2,1.0,8392.851712000038,3045,50,KEY-2020-GAMMA,2,0.5,"[0.45, 0.5, 0.55]"
ruler,parallel_window_llama3.1-8b,ruler_size50_pos0.45_0.50_0.55_fact3,1.0,8588.081336999949,3045,50,ID-77984,3,0.55,"[0.45, 0.5, 0.55]"
ruler,semantic_compression_llama3.1-8b,ruler_size10_pos0.10_0.50_0.90_fact1,0.0,5554.81837800005,703,10,39.28,1,0.1,"[0.1, 0.5, 0.9]"
ruler,semantic_compression_llama3.1-8b,ruler_size10_pos0.10_0.50_0.90_fact2,1.0,5836.619127000063,703,10,KEY-5735-GAMMA,2,0.5,"[0.1, 0.5, 0.9]"
ruler,semantic_compression_llama3.1-8b,ruler_size10_pos0.10_0.50_0.90_fact3,0.0,6028.458877000048,703,10,ID-74094,3,0.9,"[0.1, 0.5, 0.9]"
ruler,semantic_compression_llama3.1-8b,ruler_size10_pos0.20_0.40_0.60_fact1,0.0,5959.2809199998555,734,10,KEY-5201-GAMMA,1,0.2,"[0.2, 0.4, 0.6]"
ruler,semantic_compression_llama3.1-8b,ruler_size10_pos0.20_0.40_0.60_fact2,1.0,6087.417585999901,734,10,KEY-4505-ALPHA,2,0.4,"[0.2, 0.4, 0.6]"
ruler,semantic_compression_llama3.1-8b,ruler_size10_pos0.20_0.40_0.60_fact3,0.0,6859.555837000016,734,10,35.71,3,0.6,"[0.2, 0.4, 0.6]"
ruler,semantic_compression_llama3.1-8b,ruler_size10_pos0.05_0.15_0.95_fact1,1.0,5615.310959999988,734,10,21.52,1,0.05,"[0.05, 0.15, 0.95]"
ruler,semantic_compression_llama3.1-8b,ruler_size10_pos0.05_0.15_0.95_fact2,1.0,6086.7355020000105,734,10,61.61,2,0.15,"[0.05, 0.15, 0.95]"
ruler,semantic_compression_llama3.1-8b,ruler_size10_pos0.05_0.15_0.95_fact3,0.0,4938.862377000078,734,10,26.96,3,0.95,"[0.05, 0.15, 0.95]"
ruler,semantic_compression_llama3.1-8b,ruler_size10_pos0.45_0.50_0.55_fact1,0.0,5859.463253000058,768,10,KEY-4052-GAMMA,1,0.45,"[0.45, 0.5, 0.55]"
ruler,semantic_compression_llama3.1-8b,ruler_size10_pos0.45_0.50_0.55_fact2,1.0,6807.392629000105,768,10,KEY-1613-ALPHA,2,0.5,"[0.45, 0.5, 0.55]"
ruler,semantic_compression_llama3.1-8b,ruler_size10_pos0.45_0.50_0.55_fact3,1.0,6746.880752000152,768,10,KEY-2758-BETA,3,0.55,"[0.45, 0.5, 0.55]"
ruler,semantic_compression_llama3.1-8b,ruler_size25_pos0.10_0.50_0.90_fact1,0.0,10243.023255000026,1572,25,93.73,1,0.1,"[0.1, 0.5, 0.9]"
ruler,semantic_compression_llama3.1-8b,ruler_size25_pos0.10_0.50_0.90_fact2,0.0,9098.502420999921,1572,25,ID-44282,2,0.5,"[0.1, 0.5, 0.9]"
ruler,semantic_compression_llama3.1-8b,ruler_size25_pos0.10_0.50_0.90_fact3,1.0,11396.77629599987,1572,25,47.88,3,0.9,"[0.1, 0.5, 0.9]"
ruler,semantic_compression_llama3.1-8b,ruler_size25_pos0.20_0.40_0.60_fact1,0.0,9258.928504999858,1580,25,ID-69432,1,0.2,"[0.2, 0.4, 0.6]"
ruler,semantic_compression_llama3.1-8b,ruler_size25_pos0.20_0.40_0.60_fact2,0.0,8162.872836999895,1580,25,ID-77272,2,0.4,"[0.2, 0.4, 0.6]"
ruler,semantic_compression_llama3.1-8b,ruler_size25_pos0.20_0.40_0.60_fact3,1.0,10111.915296000006,1580,25,KEY-8484-GAMMA,3,0.6,"[0.2, 0.4, 0.6]"
ruler,semantic_compression_llama3.1-8b,ruler_size25_pos0.05_0.15_0.95_fact1,0.0,10170.73229599987,1642,25,ID-10455,1,0.05,"[0.05, 0.15, 0.95]"
ruler,semantic_compression_llama3.1-8b,ruler_size25_pos0.05_0.15_0.95_fact2,0.0,10001.585088999946,1642,25,ID-49107,2,0.15,"[0.05, 0.15, 0.95]"
ruler,semantic_compression_llama3.1-8b,ruler_size25_pos0.05_0.15_0.95_fact3,1.0,8345.455169999923,1642,25,KEY-9920-BETA,3,0.95,"[0.05, 0.15, 0.95]"
ruler,semantic_compression_llama3.1-8b,ruler_size25_pos0.45_0.50_0.55_fact1,1.0,10607.70271299998,1622,25,55.71,1,0.45,"[0.45, 0.5, 0.55]"
ruler,semantic_compression_llama3.1-8b,ruler_size25_pos0.45_0.50_0.55_fact2,0.0,10167.724378999992,1622,25,KEY-1768-BETA,2,0.5,"[0.45, 0.5, 0.55]"
ruler,semantic_compression_llama3.1-8b,ruler_size25_pos0.45_0.50_0.55_fact3,0.0,9955.951087999892,1622,25,86.48,3,0.55,"[0.45, 0.5, 0.55]"
ruler,semantic_compression_llama3.1-8b,ruler_size50_pos0.10_0.50_0.90_fact1,0.0,14360.258880999936,2980,50,ID-75444,1,0.1,"[0.1, 0.5, 0.9]"
ruler,semantic_compression_llama3.1-8b,ruler_size50_pos0.10_0.50_0.90_fact2,0.0,16479.281840000112,2980,50,84.87,2,0.5,"[0.1, 0.5, 0.9]"
ruler,semantic_compression_llama3.1-8b,ruler_size50_pos0.10_0.50_0.90_fact3,1.0,14193.660131999877,2980,50,KEY-5216-BETA,3,0.9,"[0.1, 0.5, 0.9]"
ruler,semantic_compression_llama3.1-8b,ruler_size50_pos0.20_0.40_0.60_fact1,0.0,16509.46309100004,3081,50,ID-99709,1,0.2,"[0.2, 0.4, 0.6]"
ruler,semantic_compression_llama3.1-8b,ruler_size50_pos0.20_0.40_0.60_fact2,0.0,10065.091380000013,3081,50,KEY-9897-GAMMA,2,0.4,"[0.2, 0.4, 0.6]"
ruler,semantic_compression_llama3.1-8b,ruler_size50_pos0.20_0.40_0.60_fact3,1.0,14129.019923999977,3081,50,5.22,3,0.6,"[0.2, 0.4, 0.6]"
ruler,semantic_compression_llama3.1-8b,ruler_size50_pos0.05_0.15_0.95_fact1,1.0,16317.992090000189,3011,50,ID-45247,1,0.05,"[0.05, 0.15, 0.95]"
ruler,semantic_compression_llama3.1-8b,ruler_size50_pos0.05_0.15_0.95_fact2,1.0,14592.786340000202,3011,50,KEY-5397-BETA,2,0.15,"[0.05, 0.15, 0.95]"
ruler,semantic_compression_llama3.1-8b,ruler_size50_pos0.05_0.15_0.95_fact3,1.0,16632.565298999907,3011,50,ID-18292,3,0.95,"[0.05, 0.15, 0.95]"
ruler,semantic_compression_llama3.1-8b,ruler_size50_pos0.45_0.50_0.55_fact1,1.0,14484.227174000125,2974,50,KEY-8052-ALPHA,1,0.45,"[0.45, 0.5, 0.55]"
ruler,semantic_compression_llama3.1-8b,ruler_size50_pos0.45_0.50_0.55_fact2,1.0,15532.662257000084,2974,50,ID-22924,2,0.5,"[0.45, 0.5, 0.55]"
ruler,semantic_compression_llama3.1-8b,ruler_size50_pos0.45_0.50_0.55_fact3,1.0,17264.468882000074,2974,50,KEY-4637-GAMMA,3,0.55,"[0.45, 0.5, 0.55]"
ruler,rig_llama3.1-8b,ruler_size10_pos0.10_0.50_0.90_fact1,1.0,4362.591543999997,750,10,KEY-4389-GAMMA,1,0.1,"[0.1, 0.5, 0.9]"
ruler,rig_llama3.1-8b,ruler_size10_pos0.10_0.50_0.90_fact2,1.0,1398.6312929998803,750,10,KEY-6706-BETA,2,0.5,"[0.1, 0.5, 0.9]"
ruler,rig_llama3.1-8b,ruler_size10_pos0.10_0.50_0.90_fact3,1.0,2444.758085000103,750,10,ID-67431,3,0.9,"[0.1, 0.5, 0.9]"
ruler,rig_llama3.1-8b,ruler_size10_pos0.20_0.40_0.60_fact1,1.0,3554.249835000064,768,10,55.59,1,0.2,"[0.2, 0.4, 0.6]"
ruler,rig_llama3.1-8b,ruler_size10_pos0.20_0.40_0.60_fact2,1.0,3436.4824179999687,768,10,ID-63090,2,0.4,"[0.2, 0.4, 0.6]"
ruler,rig_llama3.1-8b,ruler_size10_pos0.20_0.40_0.60_fact3,1.0,2354.43920900002,768,10,24.23,3,0.6,"[0.2, 0.4, 0.6]"
ruler,rig_llama3.1-8b,ruler_size10_pos0.05_0.15_0.95_fact1,1.0,3499.418667999862,742,10,KEY-4228-BETA,1,0.05,"[0.05, 0.15, 0.95]"
ruler,rig_llama3.1-8b,ruler_size10_pos0.05_0.15_0.95_fact2,1.0,2416.517001000102,742,10,ID-44387,2,0.15,"[0.05, 0.15, 0.95]"
ruler,rig_llama3.1-8b,ruler_size10_pos0.05_0.15_0.95_fact3,1.0,3359.478459999991,742,10,63.67,3,0.95,"[0.05, 0.15, 0.95]"
ruler,rig_llama3.1-8b,ruler_size10_pos0.45_0.50_0.55_fact1,1.0,2364.363166999965,738,10,ID-41270,1,0.45,"[0.45, 0.5, 0.55]"
ruler,rig_llama3.1-8b,ruler_size10_pos0.45_0.50_0.55_fact2,1.0,3459.703584999943,738,10,KEY-2916-ALPHA,2,0.5,"[0.45, 0.5, 0.55]"
ruler,rig_llama3.1-8b,ruler_size10_pos0.45_0.50_0.55_fact3,1.0,2472.138710000081,738,10,KEY-3316-GAMMA,3,0.55,"[0.45, 0.5, 0.55]"
ruler,rig_llama3.1-8b,ruler_size25_pos0.10_0.50_0.90_fact1,1.0,4337.779126999976,1639,25,15.73,1,0.1,"[0.1, 0.5, 0.9]"
ruler,rig_llama3.1-8b,ruler_size25_pos0.10_0.50_0.90_fact2,1.0,5460.595961000081,1639,25,ID-45112,2,0.5,"[0.1, 0.5, 0.9]"
ruler,rig_llama3.1-8b,ruler_size25_pos0.10_0.50_0.90_fact3,1.0,4497.314377000066,1639,25,47.69,3,0.9,"[0.1, 0.5, 0.9]"
ruler,rig_llama3.1-8b,ruler_size25_pos0.20_0.40_0.60_fact1,1.0,5469.534835999866,1615,25,ID-42725,1,0.2,"[0.2, 0.4, 0.6]"
ruler,rig_llama3.1-8b,ruler_size25_pos0.20_0.40_0.60_fact2,1.0,4456.46554200016,1615,25,ID-52217,2,0.4,"[0.2, 0.4, 0.6]"
ruler,rig_llama3.1-8b,ruler_size25_pos0.20_0.40_0.60_fact3,1.0,5397.025585999927,1615,25,ID-98635,3,0.6,"[0.2, 0.4, 0.6]"
ruler,rig_llama3.1-8b,ruler_size25_pos0.05_0.15_0.95_fact1,1.0,5593.945043999838,1595,25,ID-30707,1,0.05,"[0.05, 0.15, 0.95]"
ruler,rig_llama3.1-8b,ruler_size25_pos0.05_0.15_0.95_fact2,1.0,4352.719543000148,1595,25,KEY-8479-ALPHA,2,0.15,"[0.05, 0.15, 0.95]"
ruler,rig_llama3.1-8b,ruler_size25_pos0.05_0.15_0.95_fact3,1.0,5426.811960999885,1595,25,KEY-4314-GAMMA,3,0.95,"[0.05, 0.15, 0.95]"
ruler,rig_llama3.1-8b,ruler_size25_pos0.45_0.50_0.55_fact1,1.0,5427.819877999809,1618,25,KEY-3181-GAMMA,1,0.45,"[0.45, 0.5, 0.55]"
ruler,rig_llama3.1-8b,ruler_size25_pos0.45_0.50_0.55_fact2,1.0,5541.600460999916,1618,25,19.08,2,0.5,"[0.45, 0.5, 0.55]"
ruler,rig_llama3.1-8b,ruler_size25_pos0.45_0.50_0.55_fact3,1.0,5458.280003000027,1618,25,73.01,3,0.55,"[0.45, 0.5, 0.55]"
ruler,rig_llama3.1-8b,ruler_size50_pos0.10_0.50_0.90_fact1,1.0,8605.434795000065,3048,50,KEY-1901-BETA,1,0.1,"[0.1, 0.5, 0.9]"
ruler,rig_llama3.1-8b,ruler_size50_pos0.10_0.50_0.90_fact2,1.0,9565.936212999986,3048,50,95.84,2,0.5,"[0.1, 0.5, 0.9]"
ruler,rig_llama3.1-8b,ruler_size50_pos0.10_0.50_0.90_fact3,1.0,8484.991421000132,3048,50,23.15,3,0.9,"[0.1, 0.5, 0.9]"
ruler,rig_llama3.1-8b,ruler_size50_pos0.20_0.40_0.60_fact1,1.0,8436.890421000044,3072,50,KEY-1391-ALPHA,1,0.2,"[0.2, 0.4, 0.6]"
ruler,rig_llama3.1-8b,ruler_size50_pos0.20_0.40_0.60_fact2,1.0,9469.178796000051,3072,50,45.81,2,0.4,"[0.2, 0.4, 0.6]"
ruler,rig_llama3.1-8b,ruler_size50_pos0.20_0.40_0.60_fact3,1.0,8536.231670999996,3072,50,2.42,3,0.6,"[0.2, 0.4, 0.6]"
ruler,rig_llama3.1-8b,ruler_size50_pos0.05_0.15_0.95_fact1,1.0,8577.823004000038,3033,50,ID-25919,1,0.05,"[0.05, 0.15, 0.95]"
ruler,rig_llama3.1-8b,ruler_size50_pos0.05_0.15_0.95_fact2,1.0,9545.813963,3033,50,ID-18083,2,0.15,"[0.05, 0.15, 0.95]"
ruler,rig_llama3.1-8b,ruler_size50_pos0.05_0.15_0.95_fact3,1.0,8639.484296000091,3033,50,ID-27133,3,0.95,"[0.05, 0.15, 0.95]"
ruler,rig_llama3.1-8b,ruler_size50_pos0.45_0.50_0.55_fact1,1.0,8539.12366999998,3008,50,46.72,1,0.45,"[0.45, 0.5, 0.55]"
ruler,rig_llama3.1-8b,ruler_size50_pos0.45_0.50_0.55_fact2,1.0,8701.911671000062,3008,50,19.72,2,0.5,"[0.45, 0.5, 0.55]"
ruler,rig_llama3.1-8b,ruler_size50_pos0.45_0.50_0.55_fact3,1.0,8489.277378999986,3008,50,ID-74517,3,0.55,"[0.45, 0.5, 0.55]"
